{
    "service": "",
    "properties": {},
    "description": "S4H GEN2 Graph",
    "processes": {
        "readdatafromsapsystem1": {
            "component": "com.sap.abap.reader",
            "metadata": {
                "label": "Read Data From SAP System",
                "x": 87,
                "y": 70,
                "height": 80,
                "width": 120,
                "extensible": true,
                "generation": 2,
                "isNewAPI": true,
                "config": {
                    "connectionID": "S4H_ANZ"
                },
                "additionaloutports": [
                    {
                        "name": "Output",
                        "type": "table",
                        "vtype-ID": "com.sap.headers.cdc.mapping"
                    }
                ]
            }
        },
        "datatransform1": {
            "component": "com.sap.datatransform.v2",
            "metadata": {
                "label": "Data Transform",
                "x": 256,
                "y": 70,
                "height": 80,
                "width": 120,
                "extensible": false,
                "generation": 2,
                "isNewAPI": true,
                "config": {
                    "definition": {
                        "nodeType": "ContainerNode",
                        "inputs": [
                            {
                                "id": "4ba96629-97d1-4750-84ec-abcf4f8d6ac6",
                                "nodeType": "InPort",
                                "name": "input1",
                                "attributes": [
                                    {
                                        "id": "16d41ddf-0553-4bb6-985b-6663adf72fcc",
                                        "name": "columnValue",
                                        "datatype": "string",
                                        "nullable": false
                                    },
                                    {
                                        "id": "4828366c-15a1-4efe-84c4-5b917633a55d",
                                        "name": "changeMode",
                                        "datatype": "mode",
                                        "nullable": false
                                    }
                                ],
                                "UILayout": {
                                    "x": -325,
                                    "y": 84,
                                    "height": 80,
                                    "width": 80
                                }
                            }
                        ],
                        "outputs": [
                            {
                                "id": "41a1b539-df78-4f56-a763-8801965838d5",
                                "nodeType": "OutPort",
                                "name": "Output",
                                "attributes": [
                                    {
                                        "id": "8467147a-9653-4e11-9d06-7ad29edcfff9",
                                        "name": "columnValue",
                                        "datatype": "string",
                                        "nullable": false
                                    },
                                    {
                                        "id": "4ee9b2d7-5e18-49f2-a231-e15505ea58c9",
                                        "name": "changeMode",
                                        "datatype": "mode",
                                        "nullable": false
                                    }
                                ],
                                "mode": "OVERWRITE",
                                "UILayout": {
                                    "x": 82,
                                    "y": 84,
                                    "height": 80,
                                    "width": 80
                                }
                            }
                        ],
                        "nodes": [
                            {
                                "id": "8c28024c-ff31-4906-a495-8e28d2be0f32",
                                "type": "FilterNode",
                                "nodeType": "FilterNode",
                                "name": "Projection",
                                "inputs": [
                                    {
                                        "id": "b2ad35a2-c412-4c09-9911-7b1dfd5dbc7d",
                                        "name": "Projection_Input1",
                                        "attributes": [
                                            {
                                                "id": "4864c67d-82f9-4d97-a4c2-2cefd54df80c",
                                                "name": "columnValue",
                                                "datatype": "string",
                                                "nullable": false
                                            },
                                            {
                                                "id": "593ef305-8e19-4691-ac85-9c00f6afc717",
                                                "name": "changeMode",
                                                "datatype": "mode",
                                                "nullable": false
                                            }
                                        ]
                                    }
                                ],
                                "outputs": [
                                    {
                                        "id": "17b5ce72-9892-4d4d-a8c0-0dc799b1b97d",
                                        "name": "Projection_Output1",
                                        "attributes": [
                                            {
                                                "id": "76992941-7118-498f-9bdd-f07c8588e4e7",
                                                "name": "columnValue",
                                                "datatype": "string",
                                                "nullable": false,
                                                "expression": "\"columnValue\""
                                            },
                                            {
                                                "id": "c2cd7838-6878-4545-917e-a28c5542ef7f",
                                                "name": "changeMode",
                                                "datatype": "mode",
                                                "nullable": false,
                                                "expression": "\"changeMode\""
                                            }
                                        ]
                                    }
                                ],
                                "UILayout": {
                                    "x": -155,
                                    "y": 89,
                                    "height": 80,
                                    "width": 120
                                }
                            }
                        ],
                        "tableMappings": [
                            {
                                "source": "17b5ce72-9892-4d4d-a8c0-0dc799b1b97d",
                                "target": "41a1b539-df78-4f56-a763-8801965838d5",
                                "attributeMappings": [
                                    {
                                        "source": "76992941-7118-498f-9bdd-f07c8588e4e7",
                                        "target": "8467147a-9653-4e11-9d06-7ad29edcfff9"
                                    },
                                    {
                                        "source": "c2cd7838-6878-4545-917e-a28c5542ef7f",
                                        "target": "4ee9b2d7-5e18-49f2-a231-e15505ea58c9"
                                    }
                                ],
                                "UILayout": {
                                    "points": "-35,126.5 82,126.5"
                                }
                            },
                            {
                                "source": "4ba96629-97d1-4750-84ec-abcf4f8d6ac6",
                                "target": "b2ad35a2-c412-4c09-9911-7b1dfd5dbc7d",
                                "attributeMappings": [
                                    {
                                        "source": "16d41ddf-0553-4bb6-985b-6663adf72fcc",
                                        "target": "4864c67d-82f9-4d97-a4c2-2cefd54df80c"
                                    },
                                    {
                                        "source": "4828366c-15a1-4efe-84c4-5b917633a55d",
                                        "target": "593ef305-8e19-4691-ac85-9c00f6afc717"
                                    }
                                ],
                                "UILayout": {
                                    "points": "-245,126.5 -155,126.5"
                                }
                            }
                        ],
                        "invalidMappings": []
                    }
                },
                "additionalinports": [
                    {
                        "name": "input1",
                        "type": "table",
                        "vtype-ID": "com.sap.headers.cdc.mapping"
                    }
                ],
                "additionaloutports": [
                    {
                        "name": "Output",
                        "type": "table",
                        "vtype-ID": "$GRAPH.generated.datatransform1_Output"
                    }
                ]
            }
        },
        "graphterminator1": {
            "component": "com.sap.util.graphTerminator.v2",
            "metadata": {
                "label": "Graph Terminator",
                "x": 676,
                "y": 70,
                "height": 80,
                "width": 120,
                "generation": 2,
                "isNewAPI": true,
                "config": {}
            }
        },
        "tableproducer1": {
            "component": "com.sap.database.table.producer.v3",
            "metadata": {
                "label": "Table Producer",
                "x": 446,
                "y": 70,
                "height": 80,
                "width": 120,
                "extensible": false,
                "generation": 2,
                "isNewAPI": true,
                "config": {
                    "service": ""
                },
                "inports": [
                    {
                        "name": "inTable",
                        "type": "table",
                        "vtype-ID": "$GRAPH.generated.datatransform1_Output"
                    }
                ]
            }
        },
        "readdatafromsapsystem11": {
            "component": "com.sap.abap.reader",
            "metadata": {
                "label": "Read Data From SAP System",
                "x": 87,
                "y": 210,
                "height": 80,
                "width": 120,
                "extensible": true,
                "generation": 2,
                "isNewAPI": true,
                "config": {
                    "connectionID": "S4H_RFC"
                },
                "additionaloutports": [
                    {
                        "name": "Output",
                        "type": "table",
                        "vtype-ID": "com.sap.headers.cdc.mapping"
                    }
                ]
            },
            "name": "readdatafromsapsystem1"
        },
        "datatransform11": {
            "component": "com.sap.datatransform.v2",
            "metadata": {
                "label": "Data Transform",
                "x": 260,
                "y": 210,
                "height": 80,
                "width": 120,
                "extensible": false,
                "generation": 2,
                "isNewAPI": true,
                "config": {
                    "definition": {
                        "nodeType": "ContainerNode",
                        "inputs": [
                            {
                                "id": "4ba96629-97d1-4750-84ec-abcf4f8d6ac6",
                                "nodeType": "InPort",
                                "name": "input1",
                                "attributes": [
                                    {
                                        "id": "16d41ddf-0553-4bb6-985b-6663adf72fcc",
                                        "name": "columnValue",
                                        "datatype": "string",
                                        "nullable": false
                                    },
                                    {
                                        "id": "4828366c-15a1-4efe-84c4-5b917633a55d",
                                        "name": "changeMode",
                                        "datatype": "mode",
                                        "nullable": false
                                    }
                                ],
                                "UILayout": {
                                    "x": -325,
                                    "y": 84,
                                    "height": 80,
                                    "width": 80
                                }
                            }
                        ],
                        "outputs": [
                            {
                                "id": "41a1b539-df78-4f56-a763-8801965838d5",
                                "nodeType": "OutPort",
                                "name": "Output",
                                "attributes": [
                                    {
                                        "id": "8467147a-9653-4e11-9d06-7ad29edcfff9",
                                        "name": "columnValue",
                                        "datatype": "string",
                                        "nullable": false
                                    },
                                    {
                                        "id": "4ee9b2d7-5e18-49f2-a231-e15505ea58c9",
                                        "name": "changeMode",
                                        "datatype": "mode",
                                        "nullable": false
                                    }
                                ],
                                "mode": "OVERWRITE",
                                "UILayout": {
                                    "x": 82,
                                    "y": 84,
                                    "height": 80,
                                    "width": 80
                                }
                            }
                        ],
                        "nodes": [
                            {
                                "id": "8c28024c-ff31-4906-a495-8e28d2be0f32",
                                "type": "FilterNode",
                                "nodeType": "FilterNode",
                                "name": "Projection",
                                "inputs": [
                                    {
                                        "id": "b2ad35a2-c412-4c09-9911-7b1dfd5dbc7d",
                                        "name": "Projection_Input1",
                                        "attributes": [
                                            {
                                                "id": "4864c67d-82f9-4d97-a4c2-2cefd54df80c",
                                                "name": "columnValue",
                                                "datatype": "string",
                                                "nullable": false
                                            },
                                            {
                                                "id": "593ef305-8e19-4691-ac85-9c00f6afc717",
                                                "name": "changeMode",
                                                "datatype": "mode",
                                                "nullable": false
                                            }
                                        ]
                                    }
                                ],
                                "outputs": [
                                    {
                                        "id": "17b5ce72-9892-4d4d-a8c0-0dc799b1b97d",
                                        "name": "Projection_Output1",
                                        "attributes": [
                                            {
                                                "id": "76992941-7118-498f-9bdd-f07c8588e4e7",
                                                "name": "columnValue",
                                                "datatype": "string",
                                                "nullable": false,
                                                "expression": "\"columnValue\""
                                            },
                                            {
                                                "id": "c2cd7838-6878-4545-917e-a28c5542ef7f",
                                                "name": "changeMode",
                                                "datatype": "mode",
                                                "nullable": false,
                                                "expression": "\"changeMode\""
                                            }
                                        ]
                                    }
                                ],
                                "UILayout": {
                                    "x": -155,
                                    "y": 89,
                                    "height": 80,
                                    "width": 120
                                }
                            }
                        ],
                        "tableMappings": [
                            {
                                "source": "17b5ce72-9892-4d4d-a8c0-0dc799b1b97d",
                                "target": "41a1b539-df78-4f56-a763-8801965838d5",
                                "attributeMappings": [
                                    {
                                        "source": "76992941-7118-498f-9bdd-f07c8588e4e7",
                                        "target": "8467147a-9653-4e11-9d06-7ad29edcfff9"
                                    },
                                    {
                                        "source": "c2cd7838-6878-4545-917e-a28c5542ef7f",
                                        "target": "4ee9b2d7-5e18-49f2-a231-e15505ea58c9"
                                    }
                                ],
                                "UILayout": {
                                    "points": "-35,126.5 82,126.5"
                                }
                            },
                            {
                                "source": "4ba96629-97d1-4750-84ec-abcf4f8d6ac6",
                                "target": "b2ad35a2-c412-4c09-9911-7b1dfd5dbc7d",
                                "attributeMappings": [
                                    {
                                        "source": "16d41ddf-0553-4bb6-985b-6663adf72fcc",
                                        "target": "4864c67d-82f9-4d97-a4c2-2cefd54df80c"
                                    },
                                    {
                                        "source": "4828366c-15a1-4efe-84c4-5b917633a55d",
                                        "target": "593ef305-8e19-4691-ac85-9c00f6afc717"
                                    }
                                ],
                                "UILayout": {
                                    "points": "-245,126.5 -155,126.5"
                                }
                            }
                        ],
                        "invalidMappings": []
                    }
                },
                "additionalinports": [
                    {
                        "name": "input1",
                        "type": "table",
                        "vtype-ID": "com.sap.headers.cdc.mapping"
                    }
                ],
                "additionaloutports": [
                    {
                        "name": "Output",
                        "type": "table",
                        "vtype-ID": "$GRAPH.generated.datatransform11_Output"
                    }
                ]
            },
            "name": "datatransform1"
        },
        "tabletobinary1": {
            "component": "com.sap.table.encode",
            "metadata": {
                "label": "Table to Binary",
                "x": 450,
                "y": 210,
                "height": 80,
                "width": 120,
                "extensible": true,
                "generation": 2,
                "isNewAPI": true,
                "ui": "dynpath",
                "config": {}
            }
        },
        "binaryfileproducer1": {
            "component": "com.sap.file.write.v2",
            "metadata": {
                "label": "Binary File Producer",
                "x": 616,
                "y": 210,
                "height": 80,
                "width": 120,
                "generation": 2,
                "isNewAPI": true,
                "config": {}
            }
        },
        "graphterminator2": {
            "component": "com.sap.util.graphTerminator.v2",
            "metadata": {
                "label": "Graph Terminator",
                "x": 776,
                "y": 210,
                "height": 80,
                "width": 120,
                "generation": 2,
                "isNewAPI": true,
                "config": {}
            }
        }
    },
    "groups": [],
    "connections": [
        {
            "metadata": {
                "points": "211,110 251,110"
            },
            "src": {
                "port": "Output",
                "process": "readdatafromsapsystem1"
            },
            "tgt": {
                "port": "input1",
                "process": "datatransform1"
            }
        },
        {
            "metadata": {
                "points": "570,110 671,110"
            },
            "src": {
                "port": "out",
                "process": "tableproducer1"
            },
            "tgt": {
                "port": "in",
                "process": "graphterminator1"
            }
        },
        {
            "metadata": {
                "points": "380,110 441,110"
            },
            "src": {
                "port": "Output",
                "process": "datatransform1"
            },
            "tgt": {
                "port": "inTable",
                "process": "tableproducer1"
            }
        },
        {
            "metadata": {
                "points": "211,250 255,250"
            },
            "src": {
                "port": "Output",
                "process": "readdatafromsapsystem11"
            },
            "tgt": {
                "port": "input1",
                "process": "datatransform11"
            }
        },
        {
            "metadata": {
                "points": "384,250 445,250"
            },
            "src": {
                "port": "Output",
                "process": "datatransform11"
            },
            "tgt": {
                "port": "table",
                "process": "tabletobinary1"
            }
        },
        {
            "metadata": {
                "points": "574,241 592.5,241 592.5,250 611,250"
            },
            "src": {
                "port": "binary",
                "process": "tabletobinary1"
            },
            "tgt": {
                "port": "file",
                "process": "binaryfileproducer1"
            }
        },
        {
            "metadata": {
                "points": "740,241 755.5,241 755.5,250 771,250"
            },
            "src": {
                "port": "file",
                "process": "binaryfileproducer1"
            },
            "tgt": {
                "port": "in",
                "process": "graphterminator2"
            }
        }
    ],
    "inports": {},
    "outports": {},
    "metadata": {
        "generation": 2
    }
}