{
    "iconsrc": "",
    "properties": {},
    "snapshotConfig": {
        "enabled": true,
        "periodSeconds": 30
    },
    "description": "C_SUSTPLANTADDRESSDEX",
    "processes": {
        "snowflakegen21": {
            "component": "Snowflake Gen2",
            "metadata": {
                "label": "Snowflake Gen2",
                "x": 385.9999990463257,
                "y": 80,
                "height": 80,
                "width": 120,
                "extensible": true,
                "filesRequired": [
                    "script.py"
                ],
                "generation": 2,
                "isNewAPI": true,
                "config": {
                    "Database": "DEV_KHC_INGEST",
                    "Schema": "SAP_MASTER_DATA",
                    "Snowflake Table": "RAW_S4H_APAC_I_PRODUCTTYPETEXT_2",
                    "Snowflake_Table_Name": "${Snowflake_Table}",
                    "Truncate": "No",
                    "errorHandling": "{\"type\":\"terminate on error\"}",
                    "script": "import pandas as pd\nimport snowflake.connector\nfrom snowflake.connector.pandas_tools import write_pandas\nfrom io import StringIO\nimport csv\nimport json\nfrom datetime import datetime\nsnowflake.connector.paramstyle='qmark'\n\nif  api.config.Truncate =='Yes':\n    conn_sf = snowflake.connector.connect(\n    account = api.config.Account,\n    user = api.config.Username,\n    warehouse = api.config.Warehouse,\n    password = api.config.Password,\n    database = api.config.Database,\n    schema = api.config.Schema)\n    table=[api.config.Snowflake_Table_Name]\n    conn_sf.cursor().execute(\"delete from IDENTIFIER(?)\",table)\nelse:\n    conn_sf = snowflake.connector.connect(\n    account =  api.config.Account,\n    user = api.config.Username,\n    warehouse = api.config.Warehouse,\n    password = api.config.Password,\n    database = api.config.Database,\n    schema = api.config.Schema)\n        \n    \n    \ndef on_input(msg_id, header, data):\n\n    tbl = data.get()\n    x=header['com.sap.headers.batch']\n    y=x[1]\n    if x[1]==False:\n        api.outputs.log.publish(str(\"Graph Started\"))\n        tbl_info = api.type_context.get_vtype(tbl.type_ref)\n        col_names = list(tbl_info.columns.keys())\n        df = pd.DataFrame(tbl.body,columns = col_names,dtype=str)\n        table=api.config.Snowflake_Table_Name\n        api.outputs.log.publish(str(\"Load Started\"))\n        \n        try:\n\n            inserted_rows = write_pandas(conn = conn_sf, df = df,table_name = table,compression=\"snappy\",parallel=90, quote_identifiers = False)\n            api.outputs.log.publish(str(inserted_rows))\n            api.outputs.log.publish(str(\"Load Completed\"))\n        except Exception as e:\n            \n            api.outputs.log.publish(str('Error while loading data'))\n            date = datetime.now().strftime(\"%Y_%m_%d-%I:%M:%S\")\n            df.to_csv(r'/vrep/vflow/Error_RAW_S4H_APAC_C_SUSTPLANTADDRESSDEX.csv_{}'.format(date), index=False)\n            api.outputs.log.publish(str('Failed data pushed to error file in path /vrep/vflow/'))\n            api.outputs.log.publish(str(e))\n            api.propagate_exception(e)\n\n                \n    else:\n        api.outputs.log2.publish(str('no data'))\n\n\n    \n\n        \n    \napi.set_port_callback(\"input1\", on_input)\n\n\n\n\n\n\n\n\n\n\n\n\n\n\n\n\n\n\n\n\n\n# For more information about the Python3Operator, drag it to the graph canvas,\n# right click on it, and click on \"Open Documentation\".\n\n# To uncomment the snippets below you can highlight the relevant lines and\n# press Ctrl+/ on Windows and Linux or Cmd+/ on Mac.\n\n# # Basic Example 1: Count inputs so far and send on output port (port type\n# com.sap.core.string)\n# # When using the snippet below make sure you create an output port of type\n# #string\n# counter = 0\n#\n# def on_input(msg_id, header, body):\n#     global counter\n#     counter += 1\n#     api.outputs.output.publish(str(counter))\n#\n# api.set_port_callback(\"input\", on_input)\n\n\n# # Basic Example 2: Read incoming table as stream and send it\n# as stream as well to the output port (any table port type),\n# # When using the snippet below make sure you create an input and output\n# # port of table type\n#\n# import threading\n# chunk_size = 10\n# \n# # Since this is run in a different thread, exceptions on it will not\n# # trigger any action. Alternatives are using `api.propagate_exception\n# # or sending through a queue to the operator main thread (the callback one).\n# def process_batch(body):\n#     try:\n#         reader = body.get_reader()\n#         # These two line is needed if the output port is of type-id \"*\" (dynamic)\n#         # It specifies the type of the dynamic table output which is\n#         # in this case the type of the given input table\n#         table = reader.read(chunk_size)\n#         api.outputs.output.set_dynamic_type(table.type_ref)\n#         # This allows creating one output stream per thread,\n#         # each being able to send data in parallel.\n#         msg_id, writer = api.outputs.output.with_writer()\n#         # Send the first chunk before running the while loop\n#         writer.write(table)\n#         while True:\n#             table = reader.read(chunk_size)\n#             # When the stream is closed, len(table) < expected.\n#             # If -1 was passed, read would wait for stream to close\n#             if len(table) <= 0:\n#                 api.logger.info('End of table')\n#                 break\n#             \n#             writer.write(table)\n#         writer.close()\n#     except Exception as ex:\n#         api.propagate_exception(ex)\n# \n# def on_input(msg_id, header, body):\n#     # Since each input thriggers a thread, it is possible to have\n#     # multiple actions happening in parallel.\n#     threading.Thread(target=process_batch, args=[body]).start()\n# \n# api.set_port_callback(\"input\", on_input)\n\n\n# # Basic Example 3: State Management support, more details at the operator\n# # documentation.\n# # This operator will accumulate all the numeric values it gets on the input\n# # and it will recover when the graph crashes with the accumulated value stored as state of this operator\n# # When using the snippet below make sure you create input of the com.sap.core.int64\n# # and output port of the com.sap.core.string type.\n# # You can use Basic Example 4 as a generator operator for the integer inputs of this example\n# # Also make sure to start the graph with State Management enabled (via Run As..)\n#\n# # Statemanagement needs to be only implemented for operators which need to store a state\n# # that influences the processing of the input messages (like in this example adding the accumulated value to the output).\n# # If you can process the input message independently of any state variable\n# # (e.g. the output is always the same for the same input message after a graph recovery)\n# # then you don't need to implement these methods as your operator is considered stateless.\n# import pickle\n# import random\n# import time\n#\n# # Internal operator state\n# acc = 0\n#\n# def on_input(msg_id, header, body):\n#     global acc\n#     v = body.get()\n#     acc += v\n#     if random.randint(1,101) % 100 == 0:\n#         # Enforce a crash with 1% chance to enforce a recovery restart\n#         # But sleep 10 seconds to ensure that you can view the results of the output\n#         time.sleep(10)\n#         raise Exception(\"crashed with 1% chance. Feel free to adjust the chance based on your needs.\")\n#     api.outputs.output.publish(\"%d: %d\" % (v, acc))\n#\n# api.set_port_callback(\"input\", on_input)\n#\n# # It is required to have `is_stateful` set, but since this operator\n# # script does not define a generator no information about output port is passed.\n# # More details in the operator documentation.\n#\n# api.set_initial_snapshot_info(api.InitialProcessInfo(is_stateful=True))\n#\n# def serialize(epoch):\n#     return pickle.dumps(acc)\n#\n# api.set_serialize_callback(serialize)\n#\n# def restore(epoch, state_bytes):\n#     global acc\n#     acc = pickle.loads(state_bytes)\n#\n# api.set_restore_callback(restore)\n#\n# def complete_callback(epoch):\n#     api.logger.info(f\"epoch {epoch} is completed!!!\")\n#\n# api.set_epoch_complete_callback(complete_callback)\n# \n# # Basic Example 4: Prestart\n# # When using the snippet below make sure you create an output port of type\n# # com.sap.core.int64\n# counter = 0\n#\n# def gen():\n#     global counter\n#     for i in range(10000):\n#         api.outputs.output.publish(counter)\n#         counter += 1\n#\n# api.set_prestart(gen)\n\n# # Basic Example 5: Timer\n# # When using the snippet below make sure you create an output port of type\n# # com.sap.core.binary\n# import os\n# from io import BytesIO\n# import datetime\n#\n# # Function called when operator handling mode is set to `retry`\n# # (more details at the operator documentation)\n# def custom_response_callback(msg_id, ex):\n#     if ex:\n#         api.logger.error(\"Error when publishing %s: %s\" % (str(msg_id), str(ex)))\n#\n#\n# def time_callback():\n#     dummy_bytes = os.urandom(20)\n#     dummy_binary = BytesIO(dummy_bytes)\n#     dummy_headers = {\n#         # header (structure) type-id: api.Record([list of structure fields])\n#         \"com.sap.headers.file\": api.Record([\n#             \"dummyConnection\", # connection\n#             \"dummy/Path\", # path\n#             len(dummy_bytes), # size\n#             False, #isDir\n#             datetime.datetime.now().isoformat() # modTime\n#         ])\n#     }\n#     # Send all binary data at once to the output, if only the first\n#     # 10 bytes were to be sent, `n` = 10\n#     msg_id = api.outputs.output.publish(dummy_binary, -1,\n#                                         header=dummy_headers,\n#                                         response_callback=custom_response_callback)\n#     # Controls the time until the next call to time_callback\n#     return 1\n#\n# api.add_timer(time_callback)\n\n# # Basic Example 6: Shutdown\n# # The shutdown function will be called when the operator receives a stop signal\n# # In this example it prints a simple information in the trace logs with the current message counter\n# # When using the snippet below make sure you create an input port of an arbitrary type and stop the graph\n# # You can check the graph diagnostics / traces of the graph for the shutdown message when the graph stopped.\n# counter = 0\n#\n# def on_input(msg_id, header, body):\n#     global counter\n#     counter += 1\n#\n# api.set_port_callback(\"input\", on_input)\n#\n# def shutdown():\n#     api.logger.info(\"shutdown: %d\" % counter)\n#\n# api.set_shutdown(shutdown)\n",
                    "Account": "Kraft.east-us-2.privatelink",
                    "Password": "9xXC=lS_3/_^4}v6",
                    "Username": "khc_sapdi_conn_user_dev",
                    "Warehouse": "dev_cloud_analytics_platform"
                },
                "additionalinports": [
                    {
                        "name": "input1",
                        "type": "table",
                        "vtype-ID": "$GRAPH.generated.datatransform1_output"
                    }
                ],
                "additionaloutports": [
                    {
                        "name": "log",
                        "type": "scalar",
                        "vtype-ID": "com.sap.core.string"
                    },
                    {
                        "name": "log2",
                        "type": "scalar",
                        "vtype-ID": "com.sap.core.string"
                    }
                ]
            }
        },
        "datatransform1": {
            "component": "com.sap.datatransform.v2",
            "metadata": {
                "label": "Data Transform",
                "x": 181,
                "y": 72,
                "height": 80,
                "width": 120,
                "extensible": false,
                "generation": 2,
                "isNewAPI": true,
                "config": {
                    "definition": {
                        "nodeType": "ContainerNode",
                        "inputs": [
                            {
                                "id": "8a428d97-fc93-41e7-af1a-c939a9a5082a",
                                "nodeType": "InPort",
                                "name": "input2",
                                "attributes": [
                                    {
                                        "id": "83bc9a96-d6e5-4397-8338-f77080de8097",
                                        "name": "Plant",
                                        "datatype": "string",
                                        "nullable": false,
                                        "length": 4
                                    },
                                    {
                                        "id": "5251604d-902e-4d42-8453-9b932c9398f8",
                                        "name": "AddressID",
                                        "datatype": "string",
                                        "nullable": false,
                                        "length": 10
                                    },
                                    {
                                        "id": "0c923b3a-e31e-4816-9160-8cfcf9e01aa1",
                                        "name": "Country",
                                        "datatype": "string",
                                        "nullable": false,
                                        "length": 3
                                    },
                                    {
                                        "id": "b0ff4f7d-18a7-4eab-b796-e59ed479451c",
                                        "name": "Region",
                                        "datatype": "string",
                                        "nullable": false,
                                        "length": 3
                                    },
                                    {
                                        "id": "940446eb-c0d5-488a-9198-8dd41bda291b",
                                        "name": "CityName",
                                        "datatype": "string",
                                        "nullable": false,
                                        "length": 40
                                    },
                                    {
                                        "id": "820846b1-5b15-4b93-a31f-a1bd08357ab2",
                                        "name": "PostalCode",
                                        "datatype": "string",
                                        "nullable": false,
                                        "length": 10
                                    },
                                    {
                                        "id": "63a73f4b-5c95-4135-853f-f6714bcdf668",
                                        "name": "StreetName",
                                        "datatype": "string",
                                        "nullable": false,
                                        "length": 60
                                    },
                                    {
                                        "id": "e3b0b3ce-4c64-4349-90cc-b9844b115bf4",
                                        "name": "HouseNumber",
                                        "datatype": "string",
                                        "nullable": false,
                                        "length": 10
                                    },
                                    {
                                        "id": "e90ec393-8373-4b6d-a02f-50fb185b3aa4",
                                        "name": "/1DH/OPERATION",
                                        "datatype": "string",
                                        "nullable": false,
                                        "length": 1
                                    }
                                ],
                                "UILayout": {
                                    "x": 12,
                                    "y": 132,
                                    "height": 80,
                                    "width": 80
                                }
                            }
                        ],
                        "outputs": [
                            {
                                "id": "4d342fe4-332a-4379-940a-8eaefe9f66f1",
                                "nodeType": "OutPort",
                                "name": "output",
                                "attributes": [
                                    {
                                        "id": "6ccb8e0a-6913-4555-b5b2-40413527ab75",
                                        "name": "Plant",
                                        "datatype": "string",
                                        "nullable": false,
                                        "length": 4
                                    },
                                    {
                                        "id": "c4791fae-098a-443a-9fa9-64814ca691d7",
                                        "name": "AddressID",
                                        "datatype": "string",
                                        "nullable": false,
                                        "length": 10
                                    },
                                    {
                                        "id": "5f52725a-f858-47a9-a3d9-74213f724a23",
                                        "name": "Country",
                                        "datatype": "string",
                                        "nullable": false,
                                        "length": 3
                                    },
                                    {
                                        "id": "06a3514b-8fec-418d-8510-1e527828ff86",
                                        "name": "Region",
                                        "datatype": "string",
                                        "nullable": false,
                                        "length": 3
                                    },
                                    {
                                        "id": "f30fe00f-0117-4813-8d58-e08cf5f8c590",
                                        "name": "CityName",
                                        "datatype": "string",
                                        "nullable": false,
                                        "length": 40
                                    },
                                    {
                                        "id": "a3ce71f2-0931-49ef-8339-16e15aba9766",
                                        "name": "PostalCode",
                                        "datatype": "string",
                                        "nullable": false,
                                        "length": 10
                                    },
                                    {
                                        "id": "e28ea406-af47-4822-8390-abd06d47002f",
                                        "name": "StreetName",
                                        "datatype": "string",
                                        "nullable": false,
                                        "length": 60
                                    },
                                    {
                                        "id": "d42f5c58-e5c7-4117-adef-c92e655557a6",
                                        "name": "HouseNumber",
                                        "datatype": "string",
                                        "nullable": false,
                                        "length": 10
                                    },
                                    {
                                        "id": "218ae4c1-a2a8-4893-b0e6-a4a5c143e571",
                                        "name": "OPERATION",
                                        "datatype": "string",
                                        "nullable": false,
                                        "length": 1
                                    },
                                    {
                                        "id": "dbc03896-03e6-4041-932c-53e84043166d",
                                        "name": "LAST_UPDATE_DATE",
                                        "datatype": "timestamp",
                                        "nullable": true
                                    }
                                ],
                                "mode": "OVERWRITE",
                                "UILayout": {
                                    "x": 344,
                                    "y": 72,
                                    "height": 80,
                                    "width": 80
                                }
                            }
                        ],
                        "nodes": [
                            {
                                "id": "7c0d6e7a-a571-4693-9ad1-1c5ef88d84c3",
                                "type": "FilterNode",
                                "nodeType": "FilterNode",
                                "name": "Projection",
                                "inputs": [
                                    {
                                        "id": "b6f120e6-80c6-4c71-b10b-439635671a77",
                                        "name": "Projection_Input1",
                                        "attributes": [
                                            {
                                                "id": "d999fce8-2258-4947-8b29-a4a525d175fe",
                                                "name": "Plant",
                                                "datatype": "string",
                                                "nullable": false,
                                                "length": 4
                                            },
                                            {
                                                "id": "2fdb578b-ad5f-42ec-b352-88d9e07caade",
                                                "name": "AddressID",
                                                "datatype": "string",
                                                "nullable": false,
                                                "length": 10
                                            },
                                            {
                                                "id": "c1552411-0e98-4e7a-8897-a1ba9035fe52",
                                                "name": "Country",
                                                "datatype": "string",
                                                "nullable": false,
                                                "length": 3
                                            },
                                            {
                                                "id": "63cce748-5e46-4a46-b19d-96ce8328c1a5",
                                                "name": "Region",
                                                "datatype": "string",
                                                "nullable": false,
                                                "length": 3
                                            },
                                            {
                                                "id": "7591607d-781f-478f-8e85-f09515157c09",
                                                "name": "CityName",
                                                "datatype": "string",
                                                "nullable": false,
                                                "length": 40
                                            },
                                            {
                                                "id": "047924ba-23d3-465a-b65d-e61fe7de70b4",
                                                "name": "PostalCode",
                                                "datatype": "string",
                                                "nullable": false,
                                                "length": 10
                                            },
                                            {
                                                "id": "a341515d-e837-49fe-b45b-fcb9ed65e158",
                                                "name": "StreetName",
                                                "datatype": "string",
                                                "nullable": false,
                                                "length": 60
                                            },
                                            {
                                                "id": "e8bffd89-5457-4039-845a-2a725584ebf5",
                                                "name": "HouseNumber",
                                                "datatype": "string",
                                                "nullable": false,
                                                "length": 10
                                            },
                                            {
                                                "id": "009c97ed-9a19-4571-9caa-469b39b3a4dd",
                                                "name": "/1DH/OPERATION",
                                                "datatype": "string",
                                                "nullable": false,
                                                "length": 1
                                            }
                                        ]
                                    }
                                ],
                                "outputs": [
                                    {
                                        "id": "3edd2517-56a0-4692-8296-74d77020ebe9",
                                        "name": "Projection_Output1",
                                        "attributes": [
                                            {
                                                "id": "55ae3619-e33b-4808-8f8d-765e127bb02d",
                                                "name": "Plant",
                                                "datatype": "string",
                                                "nullable": false,
                                                "length": 4,
                                                "expression": "\"Plant\""
                                            },
                                            {
                                                "id": "b0392bb8-3212-41f5-938c-5ff06d59c11b",
                                                "name": "AddressID",
                                                "datatype": "string",
                                                "nullable": false,
                                                "length": 10,
                                                "expression": "\"AddressID\""
                                            },
                                            {
                                                "id": "c476f8bd-9dd8-49c1-8aa2-e89ed79ec5a5",
                                                "name": "Country",
                                                "datatype": "string",
                                                "nullable": false,
                                                "length": 3,
                                                "expression": "\"Country\""
                                            },
                                            {
                                                "id": "f1d0c21c-c270-4e33-815b-8675ed2c4acf",
                                                "name": "Region",
                                                "datatype": "string",
                                                "nullable": false,
                                                "length": 3,
                                                "expression": "\"Region\""
                                            },
                                            {
                                                "id": "38bba04f-573b-4533-a8bc-f7c350d45b8d",
                                                "name": "CityName",
                                                "datatype": "string",
                                                "nullable": false,
                                                "length": 40,
                                                "expression": "\"CityName\""
                                            },
                                            {
                                                "id": "abc1f35c-0211-43f3-a225-58ddfe664744",
                                                "name": "PostalCode",
                                                "datatype": "string",
                                                "nullable": false,
                                                "length": 10,
                                                "expression": "\"PostalCode\""
                                            },
                                            {
                                                "id": "dec73309-f652-448d-99ac-e11d31b0b126",
                                                "name": "StreetName",
                                                "datatype": "string",
                                                "nullable": false,
                                                "length": 60,
                                                "expression": "\"StreetName\""
                                            },
                                            {
                                                "id": "ace6dbac-8016-490d-a96d-4d047b49673a",
                                                "name": "HouseNumber",
                                                "datatype": "string",
                                                "nullable": false,
                                                "length": 10,
                                                "expression": "\"HouseNumber\""
                                            },
                                            {
                                                "id": "53f1f5d8-70e3-404b-a687-06686fa28209",
                                                "name": "OPERATION",
                                                "datatype": "string",
                                                "nullable": false,
                                                "length": 1,
                                                "expression": "\"/1DH/OPERATION\""
                                            },
                                            {
                                                "id": "f3b63e57-64f8-410f-9ebd-e28eaeefdff6",
                                                "name": "LAST_UPDATE_DATE",
                                                "datatype": "timestamp",
                                                "nullable": true,
                                                "expression": "CURRENT_UTCTIMESTAMP()"
                                            }
                                        ]
                                    }
                                ],
                                "UILayout": {
                                    "x": 157.99999904632568,
                                    "y": 72,
                                    "height": 80,
                                    "width": 120
                                }
                            }
                        ],
                        "tableMappings": [
                            {
                                "source": "8a428d97-fc93-41e7-af1a-c939a9a5082a",
                                "target": "b6f120e6-80c6-4c71-b10b-439635671a77",
                                "attributeMappings": [
                                    {
                                        "source": "83bc9a96-d6e5-4397-8338-f77080de8097",
                                        "target": "d999fce8-2258-4947-8b29-a4a525d175fe"
                                    },
                                    {
                                        "source": "5251604d-902e-4d42-8453-9b932c9398f8",
                                        "target": "2fdb578b-ad5f-42ec-b352-88d9e07caade"
                                    },
                                    {
                                        "source": "0c923b3a-e31e-4816-9160-8cfcf9e01aa1",
                                        "target": "c1552411-0e98-4e7a-8897-a1ba9035fe52"
                                    },
                                    {
                                        "source": "b0ff4f7d-18a7-4eab-b796-e59ed479451c",
                                        "target": "63cce748-5e46-4a46-b19d-96ce8328c1a5"
                                    },
                                    {
                                        "source": "940446eb-c0d5-488a-9198-8dd41bda291b",
                                        "target": "7591607d-781f-478f-8e85-f09515157c09"
                                    },
                                    {
                                        "source": "820846b1-5b15-4b93-a31f-a1bd08357ab2",
                                        "target": "047924ba-23d3-465a-b65d-e61fe7de70b4"
                                    },
                                    {
                                        "source": "63a73f4b-5c95-4135-853f-f6714bcdf668",
                                        "target": "a341515d-e837-49fe-b45b-fcb9ed65e158"
                                    },
                                    {
                                        "source": "e3b0b3ce-4c64-4349-90cc-b9844b115bf4",
                                        "target": "e8bffd89-5457-4039-845a-2a725584ebf5"
                                    },
                                    {
                                        "source": "e90ec393-8373-4b6d-a02f-50fb185b3aa4",
                                        "target": "009c97ed-9a19-4571-9caa-469b39b3a4dd"
                                    }
                                ],
                                "UILayout": {
                                    "points": "92,172 125,172 125,112 157.99999904632568,112"
                                }
                            },
                            {
                                "source": "3edd2517-56a0-4692-8296-74d77020ebe9",
                                "target": "4d342fe4-332a-4379-940a-8eaefe9f66f1",
                                "attributeMappings": [
                                    {
                                        "source": "55ae3619-e33b-4808-8f8d-765e127bb02d",
                                        "target": "6ccb8e0a-6913-4555-b5b2-40413527ab75"
                                    },
                                    {
                                        "source": "b0392bb8-3212-41f5-938c-5ff06d59c11b",
                                        "target": "c4791fae-098a-443a-9fa9-64814ca691d7"
                                    },
                                    {
                                        "source": "c476f8bd-9dd8-49c1-8aa2-e89ed79ec5a5",
                                        "target": "5f52725a-f858-47a9-a3d9-74213f724a23"
                                    },
                                    {
                                        "source": "f1d0c21c-c270-4e33-815b-8675ed2c4acf",
                                        "target": "06a3514b-8fec-418d-8510-1e527828ff86"
                                    },
                                    {
                                        "source": "38bba04f-573b-4533-a8bc-f7c350d45b8d",
                                        "target": "f30fe00f-0117-4813-8d58-e08cf5f8c590"
                                    },
                                    {
                                        "source": "abc1f35c-0211-43f3-a225-58ddfe664744",
                                        "target": "a3ce71f2-0931-49ef-8339-16e15aba9766"
                                    },
                                    {
                                        "source": "dec73309-f652-448d-99ac-e11d31b0b126",
                                        "target": "e28ea406-af47-4822-8390-abd06d47002f"
                                    },
                                    {
                                        "source": "ace6dbac-8016-490d-a96d-4d047b49673a",
                                        "target": "d42f5c58-e5c7-4117-adef-c92e655557a6"
                                    },
                                    {
                                        "source": "53f1f5d8-70e3-404b-a687-06686fa28209",
                                        "target": "218ae4c1-a2a8-4893-b0e6-a4a5c143e571"
                                    },
                                    {
                                        "source": "f3b63e57-64f8-410f-9ebd-e28eaeefdff6",
                                        "target": "dbc03896-03e6-4041-932c-53e84043166d"
                                    }
                                ],
                                "UILayout": {
                                    "points": "277.9999990463257,112 344,112"
                                }
                            }
                        ],
                        "invalidMappings": []
                    }
                },
                "additionalinports": [
                    {
                        "name": "input2",
                        "type": "table",
                        "vtype-ID": "$GRAPH.generated.readdatafromsapsystem1_outData"
                    }
                ],
                "additionaloutports": [
                    {
                        "name": "output",
                        "type": "table",
                        "vtype-ID": "$GRAPH.generated.datatransform1_output"
                    }
                ]
            }
        },
        "readdatafromsapsystem1": {
            "component": "com.sap.abap.reader",
            "metadata": {
                "label": "Read Data From SAP System",
                "x": 12,
                "y": 72,
                "height": 80,
                "width": 120,
                "extensible": true,
                "generation": 2,
                "isNewAPI": true,
                "config": {
                    "connectionID": "S4H_RFC",
                    "objectName": {
                        "remoteObjectReference": {
                            "connection": {
                                "id": "S4H_RFC",
                                "type": "ABAP"
                            },
                            "name": "C_SUSTPLANTADDRESSDEX",
                            "remoteObjectType": "VIEW.CDS",
                            "qualifiedName": "/CDS/SUS/INT/C_SUSTPLANTADDRESSDEX",
                            "nativeQualifiedName": "CDS.C_SUSTPLANTADDRESSDEX",
                            "description": "Plant Address data extractor for PFM",
                            "version": {
                                "metadataLastModified": 1623595718000,
                                "metadataVersionNumber": 20210613144838
                            }
                        },
                        "schema": {
                            "genericType": "TABLE",
                            "tableBasedRepresentation": {
                                "attributes": [
                                    {
                                        "name": "Plant",
                                        "templateType": "string",
                                        "datatype": "STRING",
                                        "length": 4,
                                        "nativeDatatype": "CHAR",
                                        "descriptions": [
                                            {
                                                "value": "Plant",
                                                "locale": "en",
                                                "type": "SHORT"
                                            }
                                        ],
                                        "properties": [
                                            {
                                                "namespace": "com.sap.abap",
                                                "name": "dataElement",
                                                "value": "WERKS_D"
                                            },
                                            {
                                                "namespace": "com.sap.abap",
                                                "name": "domain",
                                                "value": "WERKS"
                                            },
                                            {
                                                "namespace": "com.sap.abap",
                                                "name": "abapLength",
                                                "value": "000004"
                                            },
                                            {
                                                "namespace": "com.sap.abap",
                                                "name": "abapDecimals",
                                                "value": "000000"
                                            },
                                            {
                                                "namespace": "com.sap.abap",
                                                "name": "outputLength",
                                                "value": "000004"
                                            },
                                            {
                                                "namespace": "com.sap.abap",
                                                "name": "referenceTable"
                                            },
                                            {
                                                "namespace": "com.sap.abap",
                                                "name": "referenceField"
                                            },
                                            {
                                                "namespace": "com.sap.abap",
                                                "name": "valueTable"
                                            },
                                            {
                                                "namespace": "com.sap.abap",
                                                "name": "semanticType",
                                                "value": "STRING"
                                            },
                                            {
                                                "namespace": "com.sap.abap",
                                                "name": "abapType",
                                                "value": "CHAR"
                                            }
                                        ]
                                    },
                                    {
                                        "name": "AddressID",
                                        "templateType": "string",
                                        "datatype": "STRING",
                                        "length": 10,
                                        "nativeDatatype": "CHAR",
                                        "descriptions": [
                                            {
                                                "value": "Address",
                                                "locale": "en",
                                                "type": "SHORT"
                                            }
                                        ],
                                        "properties": [
                                            {
                                                "namespace": "com.sap.abap",
                                                "name": "dataElement",
                                                "value": "ADRNR"
                                            },
                                            {
                                                "namespace": "com.sap.abap",
                                                "name": "domain",
                                                "value": "ADRNR"
                                            },
                                            {
                                                "namespace": "com.sap.abap",
                                                "name": "abapLength",
                                                "value": "000010"
                                            },
                                            {
                                                "namespace": "com.sap.abap",
                                                "name": "abapDecimals",
                                                "value": "000000"
                                            },
                                            {
                                                "namespace": "com.sap.abap",
                                                "name": "outputLength",
                                                "value": "000010"
                                            },
                                            {
                                                "namespace": "com.sap.abap",
                                                "name": "referenceTable"
                                            },
                                            {
                                                "namespace": "com.sap.abap",
                                                "name": "referenceField"
                                            },
                                            {
                                                "namespace": "com.sap.abap",
                                                "name": "valueTable"
                                            },
                                            {
                                                "namespace": "com.sap.abap",
                                                "name": "semanticType",
                                                "value": "STRING"
                                            },
                                            {
                                                "namespace": "com.sap.abap",
                                                "name": "abapType",
                                                "value": "CHAR"
                                            }
                                        ]
                                    },
                                    {
                                        "name": "Country",
                                        "templateType": "string",
                                        "datatype": "STRING",
                                        "length": 3,
                                        "nativeDatatype": "CHAR",
                                        "descriptions": [
                                            {
                                                "value": "Country/Region Key",
                                                "locale": "en",
                                                "type": "SHORT"
                                            }
                                        ],
                                        "properties": [
                                            {
                                                "namespace": "com.sap.abap",
                                                "name": "dataElement",
                                                "value": "LAND1"
                                            },
                                            {
                                                "namespace": "com.sap.abap",
                                                "name": "domain",
                                                "value": "LAND1"
                                            },
                                            {
                                                "namespace": "com.sap.abap",
                                                "name": "abapLength",
                                                "value": "000003"
                                            },
                                            {
                                                "namespace": "com.sap.abap",
                                                "name": "abapDecimals",
                                                "value": "000000"
                                            },
                                            {
                                                "namespace": "com.sap.abap",
                                                "name": "outputLength",
                                                "value": "000003"
                                            },
                                            {
                                                "namespace": "com.sap.abap",
                                                "name": "referenceTable"
                                            },
                                            {
                                                "namespace": "com.sap.abap",
                                                "name": "referenceField"
                                            },
                                            {
                                                "namespace": "com.sap.abap",
                                                "name": "valueTable"
                                            },
                                            {
                                                "namespace": "com.sap.abap",
                                                "name": "semanticType",
                                                "value": "STRING"
                                            },
                                            {
                                                "namespace": "com.sap.abap",
                                                "name": "abapType",
                                                "value": "CHAR"
                                            }
                                        ]
                                    },
                                    {
                                        "name": "Region",
                                        "templateType": "string",
                                        "datatype": "STRING",
                                        "length": 3,
                                        "nativeDatatype": "CHAR",
                                        "descriptions": [
                                            {
                                                "value": "Region (State, Province, County)",
                                                "locale": "en",
                                                "type": "SHORT"
                                            }
                                        ],
                                        "properties": [
                                            {
                                                "namespace": "com.sap.abap",
                                                "name": "dataElement",
                                                "value": "REGIO"
                                            },
                                            {
                                                "namespace": "com.sap.abap",
                                                "name": "domain",
                                                "value": "REGIO"
                                            },
                                            {
                                                "namespace": "com.sap.abap",
                                                "name": "abapLength",
                                                "value": "000003"
                                            },
                                            {
                                                "namespace": "com.sap.abap",
                                                "name": "abapDecimals",
                                                "value": "000000"
                                            },
                                            {
                                                "namespace": "com.sap.abap",
                                                "name": "outputLength",
                                                "value": "000003"
                                            },
                                            {
                                                "namespace": "com.sap.abap",
                                                "name": "referenceTable"
                                            },
                                            {
                                                "namespace": "com.sap.abap",
                                                "name": "referenceField"
                                            },
                                            {
                                                "namespace": "com.sap.abap",
                                                "name": "valueTable"
                                            },
                                            {
                                                "namespace": "com.sap.abap",
                                                "name": "semanticType",
                                                "value": "STRING"
                                            },
                                            {
                                                "namespace": "com.sap.abap",
                                                "name": "abapType",
                                                "value": "CHAR"
                                            }
                                        ]
                                    },
                                    {
                                        "name": "CityName",
                                        "templateType": "string",
                                        "datatype": "STRING",
                                        "length": 40,
                                        "nativeDatatype": "CHAR",
                                        "descriptions": [
                                            {
                                                "value": "City",
                                                "locale": "en",
                                                "type": "SHORT"
                                            }
                                        ],
                                        "properties": [
                                            {
                                                "namespace": "com.sap.abap",
                                                "name": "dataElement",
                                                "value": "AD_CITY1"
                                            },
                                            {
                                                "namespace": "com.sap.abap",
                                                "name": "domain",
                                                "value": "TEXT40"
                                            },
                                            {
                                                "namespace": "com.sap.abap",
                                                "name": "abapLength",
                                                "value": "000040"
                                            },
                                            {
                                                "namespace": "com.sap.abap",
                                                "name": "abapDecimals",
                                                "value": "000000"
                                            },
                                            {
                                                "namespace": "com.sap.abap",
                                                "name": "outputLength",
                                                "value": "000040"
                                            },
                                            {
                                                "namespace": "com.sap.abap",
                                                "name": "referenceTable"
                                            },
                                            {
                                                "namespace": "com.sap.abap",
                                                "name": "referenceField"
                                            },
                                            {
                                                "namespace": "com.sap.abap",
                                                "name": "valueTable"
                                            },
                                            {
                                                "namespace": "com.sap.abap",
                                                "name": "semanticType",
                                                "value": "STRING"
                                            },
                                            {
                                                "namespace": "com.sap.abap",
                                                "name": "abapType",
                                                "value": "CHAR"
                                            }
                                        ]
                                    },
                                    {
                                        "name": "PostalCode",
                                        "templateType": "string",
                                        "datatype": "STRING",
                                        "length": 10,
                                        "nativeDatatype": "CHAR",
                                        "descriptions": [
                                            {
                                                "value": "City postal code",
                                                "locale": "en",
                                                "type": "SHORT"
                                            }
                                        ],
                                        "properties": [
                                            {
                                                "namespace": "com.sap.abap",
                                                "name": "dataElement",
                                                "value": "AD_PSTCD1"
                                            },
                                            {
                                                "namespace": "com.sap.abap",
                                                "name": "domain",
                                                "value": "CHAR10"
                                            },
                                            {
                                                "namespace": "com.sap.abap",
                                                "name": "abapLength",
                                                "value": "000010"
                                            },
                                            {
                                                "namespace": "com.sap.abap",
                                                "name": "abapDecimals",
                                                "value": "000000"
                                            },
                                            {
                                                "namespace": "com.sap.abap",
                                                "name": "outputLength",
                                                "value": "000010"
                                            },
                                            {
                                                "namespace": "com.sap.abap",
                                                "name": "referenceTable"
                                            },
                                            {
                                                "namespace": "com.sap.abap",
                                                "name": "referenceField"
                                            },
                                            {
                                                "namespace": "com.sap.abap",
                                                "name": "valueTable"
                                            },
                                            {
                                                "namespace": "com.sap.abap",
                                                "name": "semanticType",
                                                "value": "STRING"
                                            },
                                            {
                                                "namespace": "com.sap.abap",
                                                "name": "abapType",
                                                "value": "CHAR"
                                            }
                                        ]
                                    },
                                    {
                                        "name": "StreetName",
                                        "templateType": "string",
                                        "datatype": "STRING",
                                        "length": 60,
                                        "nativeDatatype": "CHAR",
                                        "descriptions": [
                                            {
                                                "value": "Street",
                                                "locale": "en",
                                                "type": "SHORT"
                                            }
                                        ],
                                        "properties": [
                                            {
                                                "namespace": "com.sap.abap",
                                                "name": "dataElement",
                                                "value": "AD_STREET"
                                            },
                                            {
                                                "namespace": "com.sap.abap",
                                                "name": "domain",
                                                "value": "TEXT60"
                                            },
                                            {
                                                "namespace": "com.sap.abap",
                                                "name": "abapLength",
                                                "value": "000060"
                                            },
                                            {
                                                "namespace": "com.sap.abap",
                                                "name": "abapDecimals",
                                                "value": "000000"
                                            },
                                            {
                                                "namespace": "com.sap.abap",
                                                "name": "outputLength",
                                                "value": "000060"
                                            },
                                            {
                                                "namespace": "com.sap.abap",
                                                "name": "referenceTable"
                                            },
                                            {
                                                "namespace": "com.sap.abap",
                                                "name": "referenceField"
                                            },
                                            {
                                                "namespace": "com.sap.abap",
                                                "name": "valueTable"
                                            },
                                            {
                                                "namespace": "com.sap.abap",
                                                "name": "semanticType",
                                                "value": "STRING"
                                            },
                                            {
                                                "namespace": "com.sap.abap",
                                                "name": "abapType",
                                                "value": "CHAR"
                                            }
                                        ]
                                    },
                                    {
                                        "name": "HouseNumber",
                                        "templateType": "string",
                                        "datatype": "STRING",
                                        "length": 10,
                                        "nativeDatatype": "CHAR",
                                        "descriptions": [
                                            {
                                                "value": "House Number",
                                                "locale": "en",
                                                "type": "SHORT"
                                            }
                                        ],
                                        "properties": [
                                            {
                                                "namespace": "com.sap.abap",
                                                "name": "dataElement",
                                                "value": "AD_HSNM1"
                                            },
                                            {
                                                "namespace": "com.sap.abap",
                                                "name": "domain",
                                                "value": "TEXT10"
                                            },
                                            {
                                                "namespace": "com.sap.abap",
                                                "name": "abapLength",
                                                "value": "000010"
                                            },
                                            {
                                                "namespace": "com.sap.abap",
                                                "name": "abapDecimals",
                                                "value": "000000"
                                            },
                                            {
                                                "namespace": "com.sap.abap",
                                                "name": "outputLength",
                                                "value": "000010"
                                            },
                                            {
                                                "namespace": "com.sap.abap",
                                                "name": "referenceTable"
                                            },
                                            {
                                                "namespace": "com.sap.abap",
                                                "name": "referenceField"
                                            },
                                            {
                                                "namespace": "com.sap.abap",
                                                "name": "valueTable"
                                            },
                                            {
                                                "namespace": "com.sap.abap",
                                                "name": "semanticType",
                                                "value": "STRING"
                                            },
                                            {
                                                "namespace": "com.sap.abap",
                                                "name": "abapType",
                                                "value": "CHAR"
                                            }
                                        ]
                                    },
                                    {
                                        "name": "/1DH/OPERATION",
                                        "templateType": "string",
                                        "datatype": "STRING",
                                        "length": 1,
                                        "nativeDatatype": "CHAR",
                                        "descriptions": [
                                            {
                                                "value": "Change mode",
                                                "locale": "en",
                                                "type": "SHORT"
                                            }
                                        ],
                                        "properties": [
                                            {
                                                "namespace": "com.sap.abap",
                                                "name": "dataElement",
                                                "value": "CHAR1"
                                            },
                                            {
                                                "namespace": "com.sap.abap",
                                                "name": "domain",
                                                "value": "CHAR1"
                                            },
                                            {
                                                "namespace": "com.sap.abap",
                                                "name": "abapLength",
                                                "value": "000001"
                                            },
                                            {
                                                "namespace": "com.sap.abap",
                                                "name": "abapDecimals",
                                                "value": "0 "
                                            },
                                            {
                                                "namespace": "com.sap.abap",
                                                "name": "outputLength",
                                                "value": "000001"
                                            },
                                            {
                                                "namespace": "com.sap.abap",
                                                "name": "referenceTable"
                                            },
                                            {
                                                "namespace": "com.sap.abap",
                                                "name": "referenceField"
                                            },
                                            {
                                                "namespace": "com.sap.abap",
                                                "name": "valueTable"
                                            },
                                            {
                                                "namespace": "com.sap.abap",
                                                "name": "semanticType",
                                                "value": "_change_mode"
                                            },
                                            {
                                                "namespace": "com.sap.abap",
                                                "name": "abapType",
                                                "value": "CHAR"
                                            },
                                            {
                                                "namespace": "com.sap.abap",
                                                "name": "filterNotAllowed",
                                                "value": "true"
                                            },
                                            {
                                                "namespace": "com.sap.abap",
                                                "name": "vflow_scalar_type",
                                                "value": "com.sap.headers.cdc.mode"
                                            }
                                        ]
                                    }
                                ],
                                "uniqueKeys": [
                                    {
                                        "attributeReferences": [
                                            "Plant"
                                        ]
                                    }
                                ]
                            }
                        },
                        "descriptions": [
                            {
                                "value": "Plant Address data extractor for PFM",
                                "locale": "en",
                                "type": "SHORT"
                            }
                        ],
                        "properties": [
                            {
                                "namespace": "com.sap.abap",
                                "name": "applicationComponent",
                                "value": "SUS-INT",
                                "valueDescription": "Sustainability integration topics with S4"
                            },
                            {
                                "namespace": "com.sap.abap",
                                "name": "softwareComponent",
                                "value": "S4CORE"
                            },
                            {
                                "namespace": "com.sap.abap",
                                "name": "lastchange",
                                "value": "20210613144838"
                            },
                            {
                                "namespace": "com.sap.abap",
                                "name": "package",
                                "value": "VDM_SUS_FND_EXTRACTION",
                                "valueDescription": "Data Extraction VDM for Sustanability Foundation"
                            },
                            {
                                "namespace": "com.sap.abap",
                                "name": "tenantSpecific",
                                "value": "X"
                            },
                            {
                                "namespace": "com.sap.abap",
                                "name": "profileable",
                                "value": "X"
                            },
                            {
                                "namespace": "com.sap.abap.cds",
                                "name": "cdsType",
                                "value": "C1"
                            },
                            {
                                "namespace": "com.sap.abap",
                                "name": "isDeltaEnabled"
                            },
                            {
                                "namespace": "com.sap.abap",
                                "name": "isExtractionEnabled",
                                "value": "X"
                            }
                        ],
                        "capabilityProperties": [
                            {
                                "name": "readOnly",
                                "value": "true"
                            }
                        ]
                    },
                    "operatorID": "com.sap.abap.reader",
                    "transferMode": "Initial Load"
                },
                "additionaloutports": [
                    {
                        "name": "outData",
                        "type": "table",
                        "vtype-ID": "$GRAPH.generated.readdatafromsapsystem1_outData"
                    }
                ]
            }
        },
        "terminal1": {
            "component": "com.sap.util.terminal.v2",
            "metadata": {
                "label": "Terminal",
                "x": 646.999997138977,
                "y": 12,
                "height": 80,
                "width": 120,
                "generation": 2,
                "isNewAPI": true,
                "ui": "dynpath",
                "config": {}
            }
        },
        "graphterminator1": {
            "component": "com.sap.util.graphTerminator.v2",
            "metadata": {
                "label": "Graph Terminator",
                "x": 646.999997138977,
                "y": 132,
                "height": 80,
                "width": 120,
                "generation": 2,
                "isNewAPI": true,
                "config": {
                    "onLastBatch": false
                }
            }
        }
    },
    "groups": [
        {
            "name": "group4",
            "nodes": [
                "snowflakegen21"
            ],
            "metadata": {
                "description": "Group"
            },
            "tags": {
                "Snwflk Gen2": ""
            }
        }
    ],
    "connections": [
        {
            "metadata": {
                "points": "509.9999990463257,111 537.9999985694885,111 537.9999985694885,114.5 613.9999976158142,114.5 613.9999976158142,52 641.999997138977,52"
            },
            "src": {
                "port": "log",
                "process": "snowflakegen21"
            },
            "tgt": {
                "port": "in",
                "process": "terminal1"
            }
        },
        {
            "metadata": {
                "points": "136,112 176,112"
            },
            "src": {
                "port": "outData",
                "process": "readdatafromsapsystem1"
            },
            "tgt": {
                "port": "input2",
                "process": "datatransform1"
            }
        },
        {
            "metadata": {
                "points": "305,112 332.99999952316284,112 332.99999952316284,120 380.9999990463257,120"
            },
            "src": {
                "port": "output",
                "process": "datatransform1"
            },
            "tgt": {
                "port": "input1",
                "process": "snowflakegen21"
            }
        },
        {
            "metadata": {
                "points": "509.9999990463257,129 537.9999985694885,129 537.9999985694885,125.5 613.9999976158142,125.5 613.9999976158142,172 641.999997138977,172"
            },
            "src": {
                "port": "log2",
                "process": "snowflakegen21"
            },
            "tgt": {
                "port": "in",
                "process": "graphterminator1"
            }
        }
    ],
    "inports": {},
    "outports": {},
    "metadata": {
        "generation": 2
    }
}