{
    "count": 1,
    "graphs": [
        {
            "user": "gkc5909",
            "tenant": "daxapp001",
            "src": "TEST_GEN2_GRAPH",
            "name": "TEST_GEN2_GRAPH",
            "executionType": "",
            "handle": "2890569ba23b42f9a535f2069d2114b5",
            "status": "dead",
            "message": "Group messages:\nGroup: default; Messages: Graph failure: Fatal error found. Aborting the graph. | error with process \"subengineOperator0\": Fatal error found. Aborting the graph.\nProcess(es) terminated with error(s). restartOnFailure==false\n",
            "started": 1657538151,
            "running": 1657538158,
            "updated": 1657538162,
            "stopped": 1657538158,
            "submitted": 1657538139,
            "processedGraphEvents": 20,
            "tags": null,
            "firstGraphEvent": {
                "group": "",
                "action": "scheduling/started"
            },
            "terminationRequested": false,
            "terminated": false,
            "busService": "2890569ba23b42f9a535f2069d2114b5",
            "deployer": "vsystem",
            "snapshotConfig": {},
            "traceLevel": "INFO",
            "autoRestartInfo": {
                "id": "da4205f5bf694f38b9d18e3bcd7d53e0",
                "runOrder": 0,
                "runType": "normal",
                "maxRestartCount": 0,
                "restartDelaySeconds": 0,
                "resetTimeThreshold": "",
                "currentFailureCount": 0
            }
        }
    ]
}
