{
    "properties": {},
    "description": "I_SALESDOCUMENTTYPETEXT",
    "processes": {
        "python3operator1": {
            "component": "com.sap.system.python3Operator",
            "metadata": {
                "label": "Snowflake",
                "x": 216.99999904632568,
                "y": 65,
                "height": 80,
                "width": 120,
                "extensible": true,
                "filesRequired": [
                    "script.py"
                ],
                "generation": 1,
                "config": {
                    "script": "#---------- Project - ANZ GOLDILOCKS----------#\n# Source System - S4 Hana\n# Target Systen - Snowflake Database\n# Prequisite - Install snowflake-connector-python[pandas]\n# Python Code Version = 0.1\n# Developer - Ankit Sharma\n# Modifiy Date - 02-Jun-2022\n# Enviornment - SAP DI Sandbox\n#---------------------------------------------#\n\nimport pandas as pd\nimport snowflake.connector\nfrom snowflake.connector.pandas_tools import write_pandas\nfrom io import StringIO\nimport csv\nimport json\nfrom numpy import nan\n\napi.send('output','connection started')\nconn_sf = snowflake.connector.connect(\naccount = 'Kraft.east-us-2.privatelink',\nuser = 'khc_sapdi_conn_user_dev',\nwarehouse = 'dev_cloud_analytics_platform',\npassword = '9xXC=lS_3/_^4}v6',\ndatabase = 'DEV_KHC_INGEST',\nschema = 'SAP_MASTER_DATA')    \nconn_sf.cursor().execute(\"delete from RAW_S4H_APAC_I_SALESDOCUMENTTYPETEXT\")\n\ndef on_input(inData):\n        # Establishing connection with Snowflake\n    conn_sf = snowflake.connector.connect(\n    account = 'Kraft.east-us-2.privatelink',\n    user = 'khc_sapdi_conn_user_dev',\n    warehouse = 'dev_cloud_analytics_platform',\n    password = '9xXC=lS_3/_^4}v6',\n    database = 'DEV_KHC_INGEST',\n    schema = 'SAP_MASTER_DATA')\n\n    # read body\n    data = StringIO(inData.body)\n\n    # read attributes\n    var = json.dumps(inData.attributes)\n    result = json.loads(var)\n    api.send('output','Parsing started')\n    # from here we start json parsing\n    if result['message.lastBatch']==False:\n        \n        ABAP = result['ABAP']\n        Fields = ABAP['Fields']\n    \n        # creating an empty list for headers\n        columns = []\n        for item in Fields:\n            columns.append(item['Name'])  \n    \n        # data mapping using headers & saving into pandas dataframe\n        df = pd.read_csv(data, index_col = False, names = columns,dtype=str)\n        df.columns.str.upper()\n        #df = pd.read_csv(data, index_col = False)\n        #df = pd.read_json(data)\n        #api.send('output',df.to_csv)\n        #df=df.drop(['/1DH/CDS_VIEW', '/1DH/OPERATION'], axis=1)\n        df.rename(columns = {'/1DH/CDS_VIEW':'CDS_VIEW','/1DH/OPERATION':'OPERATION'}, inplace = True)\n        df.insert(0, 'LAST_UPDATE_DATE', pd.to_datetime('now').replace(microsecond=0))\n        df['LAST_UPDATE_DATE'] = df['LAST_UPDATE_DATE'].dt.tz_localize('UTC')\n        #df[\"PLANNEDDELIVERYDURATIONINDAYS\"] = pd.to_numeric(df[\"PLANNEDDELIVERYDURATIONINDAYS\"])\n        temp_cols=df.columns.tolist()\n        new_cols=temp_cols[1:] + temp_cols[0:1]\n      \n        df=df[new_cols]\n        # here you can prepare your data,\n        # e.g. columns selection or records filtering\n        #api.send('output',str(df['CREATIONDATE']))\n        #api.send('output',str(df['CREATIONDATE'].dtypes))\n        #df_csv = df.to_csv(index = False, header = True)\n        df_csv = df.to_csv(index = False, header = False)\n        api.send('output',df_csv)\n        #table=api.config.Snowflake_Table_Name\n        table='RAW_S4H_APAC_I_SALESDOCUMENTTYPETEXT'\n        \n        #Loading data into snowflake table\n        api.send('output','Load started')\n    \n        #To load data into Snowflake DB using write_pandas function\n    \n        \n        #with conn_sf as db_conn_sf, db_conn_sf.cursor() as db_cursor_sf:\n        inserted_rows = write_pandas(conn = conn_sf, df = df,table_name = table, quote_identifiers = False)\n            \n        \n                                     \n        api.send('output',str(inserted_rows))\n        \n    else:\n        api.send('output','No incoming data')\n            \n    if result['message.lastBatch']==True :\n        api.send('stop','Stop graph')\n    else:\n        api.send('output','Load completed')\n        \n    \n\napi.set_port_callback('input2', on_input)\n"
                },
                "additionalinports": [
                    {
                        "name": "input2",
                        "type": "message"
                    }
                ],
                "additionaloutports": [
                    {
                        "name": "output",
                        "type": "message"
                    },
                    {
                        "name": "stop",
                        "type": "message"
                    }
                ]
            }
        },
        "abapcdsreader111": {
            "component": "com.sap.abap.cds.reader",
            "metadata": {
                "label": "ABAP CDS Reader V2",
                "x": 12,
                "y": 57,
                "height": 80,
                "width": 120,
                "extensible": true,
                "generation": 1,
                "config": {
                    "connectionID": "S4H_RFC",
                    "operatorID": "com.sap.abap.cds.reader.v2",
                    "subscriptionType": "New",
                    "action": "Initial Load",
                    "wireformat": "Required Conversions Plus Currency",
                    "cdsname": "I_SALESDOCUMENTTYPETEXT",
                    "Chunk size": 50000,
                    "subscriptionName": "I_SALESDOCUMENTTYPETEXT_test"
                },
                "additionaloutports": [
                    {
                        "name": "outMessageData",
                        "type": "message"
                    }
                ]
            },
            "name": "abapcdsreader11"
        },
        "terminal2": {
            "component": "com.sap.util.terminal",
            "metadata": {
                "label": "Terminal",
                "x": 658.9999961853027,
                "y": 57,
                "height": 80,
                "width": 120,
                "generation": 1,
                "ui": "dynpath",
                "config": {}
            }
        },
        "tostringconverter2": {
            "component": "com.sap.util.toStringConverter",
            "metadata": {
                "label": "ToString Converter",
                "x": 510.49999713897705,
                "y": 12,
                "height": 50,
                "width": 50,
                "generation": 1,
                "config": {}
            }
        },
        "graphterminator1": {
            "component": "com.sap.util.graphTerminator",
            "metadata": {
                "label": "Graph Terminator",
                "x": 477.99999713897705,
                "y": 102,
                "height": 80,
                "width": 120,
                "generation": 1,
                "config": {}
            }
        }
    },
    "groups": [
        {
            "name": "group2",
            "nodes": [
                "python3operator1"
            ],
            "metadata": {
                "description": "Group"
            },
            "tags": {
                "Snwflk Gen1": ""
            }
        }
    ],
    "connections": [
        {
            "metadata": {
                "points": "564.499997138977,37 625.9999966621399,37 625.9999966621399,97 653.9999961853027,97"
            },
            "src": {
                "port": "outstring",
                "process": "tostringconverter2"
            },
            "tgt": {
                "port": "in1",
                "process": "terminal2"
            }
        },
        {
            "metadata": {
                "points": "136,97 163.99999952316284,97 163.99999952316284,105 211.99999904632568,105"
            },
            "src": {
                "port": "outMessageData",
                "process": "abapcdsreader111"
            },
            "tgt": {
                "port": "input2",
                "process": "python3operator1"
            }
        },
        {
            "metadata": {
                "points": "340.9999990463257,96 368.9999985694885,96 368.9999985694885,99.5 444.9999976158142,99.5 444.9999976158142,46 505.49999713897705,46"
            },
            "src": {
                "port": "output",
                "process": "python3operator1"
            },
            "tgt": {
                "port": "inmessage",
                "process": "tostringconverter2"
            }
        },
        {
            "metadata": {
                "points": "340.9999990463257,114 368.9999985694885,114 368.9999985694885,110.5 444.9999976158142,110.5 444.9999976158142,142 472.99999713897705,142"
            },
            "src": {
                "port": "stop",
                "process": "python3operator1"
            },
            "tgt": {
                "port": "stop",
                "process": "graphterminator1"
            }
        }
    ],
    "inports": {},
    "outports": {},
    "metadata": {
        "generation": 1
    }
}