{
    "properties": {},
    "description": "DI_ANZ_PIPELINE_TESTING",
    "processes": {
        "python3operator1": {
            "component": "com.sap.system.python3Operator",
            "metadata": {
                "label": "Snowflake",
                "x": 216.99999904632568,
                "y": 65,
                "height": 80,
                "width": 120,
                "extensible": true,
                "filesRequired": [
                    "script.py"
                ],
                "generation": 1,
                "config": {
                    "script": "#---------- Project - ANZ GOLDILOCKS----------#\n# Source System - S4 Hana\n# Target Systen - Snowflake Database\n# Prequisite - Install snowflake-connector-python[pandas]\n# Python Code Version = 0.1\n# Developer - Ankit Sharma\n# Modifiy Date - 02-Jun-2022\n# Enviornment - SAP DI Sandbox\n#---------------------------------------------#\n\nimport pandas as pd\nimport snowflake.connector\nfrom snowflake.connector.pandas_tools import write_pandas\nfrom io import StringIO\nimport csv\nimport json\nfrom numpy import nan\nfrom typing import Any, List, Optional, Type\nfrom pandas import DataFrame, concat, isnull\nfrom typing import Dict,Any, List, Optional, Type\napi.send('output','connection started')\n\n\n\ndef on_input(inData):\n        # Establishing connection with Snowflake\n    conn_sf = snowflake.connector.connect(\n    account = 'Kraft.east-us-2.privatelink',\n    user = 'khc_sapdi_conn_user_dev',\n    warehouse = 'dev_cloud_analytics_platform',\n    password = '9xXC=lS_3/_^4}v6',\n    database = 'DEV_KHC_INGEST',\n    schema = 'SAP_MASTER_DATA')\n\n    # read body\n    data = StringIO(inData.body)\n\n    # read attributes\n    var = json.dumps(inData.attributes)\n    result = json.loads(var)\n    api.send('output','Parsing started')\n    # from here we start json parsing\n    if result['message.lastBatch']==False:\n        \n        ABAP = result['ABAP']\n        Fields = ABAP['Fields']\n    \n        # creating an empty list for headers\n        columns = []\n        for item in Fields:\n            columns.append(item['Name'])  \n    \n        # data mapping using headers & saving into pandas dataframe\n        df = pd.read_csv(data, index_col = False, names = columns)\n        df.columns.str.upper()\n        #df = pd.read_csv(data, index_col = False)\n        #df = pd.read_json(data)\n        #api.send('output',df.to_csv)\n        #df=df.drop(['/1DH/CDS_VIEW', '/1DH/OPERATION'], axis=1)\n        df.rename(columns = {'/1DH/CDS_VIEW':'CDS_VIEW','/1DH/OPERATION':'OPERATION'}, inplace = True)\n        df.insert(0, 'LAST_UPDATE_DATE', pd.to_datetime('now').replace(microsecond=0))\n        df['LAST_UPDATE_DATE'] = df['LAST_UPDATE_DATE'].dt.tz_localize('UTC')\n        #df[\"PLANNEDDELIVERYDURATIONINDAYS\"] = pd.to_numeric(df[\"PLANNEDDELIVERYDURATIONINDAYS\"])\n        temp_cols=df.columns.tolist()\n        new_cols=temp_cols[1:] + temp_cols[0:1]\n      \n        df=df[new_cols]\n        # here you can prepare your data,\n        # e.g. columns selection or records filtering\n        #api.send('output',str(df['CREATIONDATE']))\n        #api.send('output',str(df['CREATIONDATE'].dtypes))\n        #df_csv = df.to_csv(index = False, header = True)\n        df_csv = df.to_csv(index = False, header = False)\n        api.send('output',df_csv)\n        #table=api.config.Snowflake_Table_Name\n        table='RAW_S4H_APAC_I_PRODUCTIONVERSION'\n        \n        #Loading data into snowflake table\n        api.send('output','Load started')\n    \n        #To load data into Snowflake DB using write_pandas function\n    \n        \n        #with conn_sf as db_conn_sf, db_conn_sf.cursor() as db_cursor_sf:\n        #inserted_rows = write_pandas(conn = conn_sf, df = df,table_name = table, quote_identifiers = False)\n            \n        \n                                     \n        #api.send('output',str(inserted_rows))\n        TO_SNF_DATA_TYPE_MAP = {\n        'pandas': {\n        'int': 'INT',\n        'int64': 'INT',\n        'object': 'VARCHAR',\n        'datetime64[ns]': 'DATETIME',\n        'float': 'FLOAT8',\n        'float64': 'FLOAT8',\n        'bool': 'BOOLEAN',\n        'string': 'VARCHAR',\n        }\n        }\n        SNOWFLAKE_DATA_TYPES = [\n        'NUMBER',  # Default precision and scale are (38, 0)\n        'DECIMAL',  # Synonymous with NUMBER\n        'NUMERIC',  # Synonymous with NUMBER\n        'INT',\n        # Synonymous with NUMBER except precision and scale cannot be specified\n        'INTEGER',\n        # Synonymous with NUMBER except precision and scale cannot be specified\n        'BIGINT',\n        # Synonymous with NUMBER except precision and scale cannot be specified\n        'SMALLINT',\n        # Synonymous with NUMBER except precision and scale cannot be specified\n        'TINYINT',\n        # Synonymous with NUMBER except precision and scale cannot be specified\n        'BYTEINT',\n        # Synonymous with NUMBER except precision and scale cannot be specified\n        'FLOAT',\n        'FLOAT4',\n        'FLOAT8',\n        'DOUBLE',  # Synonymous with FLOAT\n        'DOUBLE PRECISION',  # Synonymous with FLOAT\n        'REAL',  # Synonymous with FLOAT\n        'VARCHAR',\n        'CHAR',  # Synonymous with VARCHAR except default length is 1\n        'CHARACTER',  # Synonymous with VARCHAR except default length is 1\n        'STRING',  # Synonymous with VARCHAR\n        'TEXT',  # Synonymous with VARCHAR\n        'BINARY',\n        'VARBINARY',  # Synonymous with BINARY\n        'BOOLEAN',  # Currently only supported for accounts provisioned after 2016-01-25\n        'DATE',\n        'DATETIME',  # Alias for TIMESTAMP_NTZ\n        'TIME',\n        'TIMESTAMP',  # Alias for one of the TIMESTAMP variations (TIMESTAMP_NTZ by default)\n        'TIMESTAMP_LTZ',  # TIMESTAMP with local timezone; time zone, if provided, is not stored\n        'TIMESTAMP_NTZ',  # TIMESTAMP with no time zone; time zone, if provided, is not stored\n        'TIMESTAMP_TZ',  # TIMESTAMP with time zone\n        'VARIANT',\n        'OBJECT',\n        'ARRAY',\n        'GEOGRAPHY',\n        \n        ]\n        \n    \n        def get_source_col_type_snf_map(source_type: str) -> Optional[dict]:\n            \"\"\"\n            Get Snowflake column type map for given source type and validating the\n            mapping against snowflake types.\n        \n            :param source_type: str,\n            :return: dict,\n                Column type map.\n            \"\"\"\n            if source_type not in TO_SNF_DATA_TYPE_MAP:\n                #log.warning(f'[{source_type}] not in snf data type map')\n                api.send('output','not in snf data type map')\n                return\n        \n            ans = TO_SNF_DATA_TYPE_MAP[source_type]\n        \n            snf_types = list(set(ans.values()))\n            invalid_types = [st for st in snf_types if st not in SNOWFLAKE_DATA_TYPES]\n            if invalid_types:\n                raise Exception(f'Invalid snowflake column types: {invalid_types}')\n        \n            return TO_SNF_DATA_TYPE_MAP[source_type]\n        \n        def df_to_snf_types(\n                        \n                df, col_types: Optional[dict] = None, default_length: Optional[int] = None\n            ):\n                \n                \n                \"\"\"\n                Determine snowflake column types based on given df.\n            \n                :param df: DataFrame,\n                    Pandas DataFrame.\n                :param col_types: Optional[list],\n                    Optional custom column types.\n                :param default_length: Optional[int],\n                    Option default length for VARCHAR columns.\n                :return:\n                \"\"\"\n                df_to_snf_map = get_source_col_type_snf_map(source_type='pandas')\n            \n                df_col_types = get_col_types(df)\n            \n                col_snf_map = dict()\n                for column, data_type in df_col_types.items():\n            \n                    # custom column types\n                    if col_types and column in col_types:\n                        snf_type = col_types[column]\n                    else:\n                        # default types is VARCHAR\n                        snf_type = df_to_snf_map.get(data_type)\n            \n                        if snf_type is None:\n                            \n                            snf_type = 'VARCHAR'\n                            #log.warning(\n                                #'Unable to determine Snowflake column type for '\n                                #f'({data_type}), using VARCHAR default'\n                            api.send('output','Snowflake column type for')\n            \n                    if snf_type.startswith('VARCHAR') and '(' not in snf_type:\n                        # default length\n                        col_length = default_length or MAX_SNF_NVARCHAR_LEN\n                        snf_type = f'VARCHAR({col_length})'\n            \n                    col_snf_map[column] = snf_type\n            \n                return col_snf_map\n#######################################3\n        def col_to_snowflake_col(\n            column: str,\n            remove_characters: str = \"'!#@&$%^()-/\\\\\\\\ \",\n            replace_char: str = '_',\n        ) -> Optional[str]:\n            \"\"\"\n            Convert column name to snowflake column name.\n        \n            :param column: str,\n                Column name.\n            :param remove_characters: str, default='#@&$%^()-/\\\\\\\\',\n                Characters to remove and replace.\n            :param replace_char: str, default='_',\n                Character value to replace with.\n            :return: str,\n                New column name.\n            \"\"\"\n            if column is None:\n                return\n        \n            snf_col = column.upper()\n            snf_col = snf_col.strip()\n            return re.sub(f\"[{remove_characters}]\", replace_char, snf_col)\n            \n#############################################################################\n        def col_types_to_max_varchar(col_types: Optional[dict] = None):\n            \"\"\"\n            Convert VARCHAR columns to maximum Snowflake size.\n        \n            :param col_types: Optional[dict],\n                Optional column types.\n            :return:\n            \"\"\"\n            if col_types:\n                for col_name, col_type in col_types.items():\n                    if col_type.startswith('VARCHAR'):\n                        col_types[col_name] = f'VARCHAR({MAX_SNF_NVARCHAR_LEN})'\n        \n                return col_types\n                \n##############################################################\n    \n        def get_col_types(df: DataFrame, cols: Optional[list] = None) -> dict:\n            \"\"\"\n            Get column types map for given DataFrame.\n        \n            :param df: DataFrame,\n                Pandas DataFrame.\n            :param cols: Optional[list],\n                Column names to find types for in the input DataFrame.\n            :return: dict,\n                Map of DataFrame column to their data types.\n            \"\"\"\n            if cols is None:\n                cols = list(df.columns)\n                if df.index.name:\n                    cols.insert(0, df.index.name)\n        \n            dtypes_map = dict()\n            if df.index.name:\n                dtypes_map[df.index.name] = df.index.dtype.name\n        \n            for col, data_type in zip(list(df.columns), list(df.dtypes)):\n                if col in cols:\n                    dtypes_map[col] = data_type.name\n        \n            return dtypes_map\n################################\n\n    \n        col_types: Optional[Dict[str, str]] = None\n        default_length: int=16777216\n        col_statements = []\n        col_snf_types = df_to_snf_types(\n        df, col_types=col_types, default_length=default_length\n        )\n        for column, snf_type in col_snf_types.items():\n                \n            col_statements.append(f'{column} {snf_type}')\n            \n        cols_str = ', '.join(col_statements)\n        cols_str\n    \n        create_table_sql = (\n                f\"CREATE TABLE RAW_TEST \" f\"({cols_str})\"\n        )\n        api.send('output',str(create_table_sql)+''+\\n)\n    \n    #else:\n        \n        #api.send('output','No incoming data')\n        \n    if result['message.lastBatch']==True :\n        api.send('stop','Stop graph')\n    else:\n        api.send('output','Load completed')\n        \n    \n\napi.set_port_callback('input2', on_input)\n"
                },
                "additionalinports": [
                    {
                        "name": "input2",
                        "type": "message"
                    }
                ],
                "additionaloutports": [
                    {
                        "name": "output",
                        "type": "message"
                    },
                    {
                        "name": "stop",
                        "type": "message"
                    }
                ]
            }
        },
        "abapcdsreader111": {
            "component": "com.sap.abap.cds.reader",
            "metadata": {
                "label": "ABAP CDS Reader V2",
                "x": 12,
                "y": 57,
                "height": 80,
                "width": 120,
                "extensible": true,
                "generation": 1,
                "config": {
                    "connectionID": "S4H_RFC",
                    "operatorID": "com.sap.abap.cds.reader.v2",
                    "subscriptionType": "New",
                    "action": "Initial Load",
                    "wireformat": "Required Conversions Plus Currency",
                    "cdsname": "C_SALESDOCUMENTITEMDEX_1",
                    "Chunk size": 50000,
                    "subscriptionName": "C_SALESDOCUMENTITEMDEX_12"
                },
                "additionaloutports": [
                    {
                        "name": "outMessageData",
                        "type": "message"
                    }
                ]
            },
            "name": "abapcdsreader11"
        },
        "terminal2": {
            "component": "com.sap.util.terminal",
            "metadata": {
                "label": "Terminal",
                "x": 658.9999961853027,
                "y": 57,
                "height": 80,
                "width": 120,
                "generation": 1,
                "ui": "dynpath",
                "config": {}
            }
        },
        "tostringconverter2": {
            "component": "com.sap.util.toStringConverter",
            "metadata": {
                "label": "ToString Converter",
                "x": 510.49999713897705,
                "y": 12,
                "height": 50,
                "width": 50,
                "generation": 1,
                "config": {}
            }
        },
        "graphterminator1": {
            "component": "com.sap.util.graphTerminator",
            "metadata": {
                "label": "Graph Terminator",
                "x": 477.99999713897705,
                "y": 102,
                "height": 80,
                "width": 120,
                "generation": 1,
                "config": {}
            }
        }
    },
    "groups": [
        {
            "name": "group2",
            "nodes": [
                "python3operator1"
            ],
            "metadata": {
                "description": "Group"
            },
            "tags": {
                "Snwflk Gen1": ""
            }
        }
    ],
    "connections": [
        {
            "metadata": {
                "points": "564.499997138977,37 625.9999966621399,37 625.9999966621399,97 653.9999961853027,97"
            },
            "src": {
                "port": "outstring",
                "process": "tostringconverter2"
            },
            "tgt": {
                "port": "in1",
                "process": "terminal2"
            }
        },
        {
            "metadata": {
                "points": "136,97 163.99999952316284,97 163.99999952316284,105 211.99999904632568,105"
            },
            "src": {
                "port": "outMessageData",
                "process": "abapcdsreader111"
            },
            "tgt": {
                "port": "input2",
                "process": "python3operator1"
            }
        },
        {
            "metadata": {
                "points": "340.9999990463257,96 368.9999985694885,96 368.9999985694885,99.5 444.9999976158142,99.5 444.9999976158142,46 505.49999713897705,46"
            },
            "src": {
                "port": "output",
                "process": "python3operator1"
            },
            "tgt": {
                "port": "inmessage",
                "process": "tostringconverter2"
            }
        },
        {
            "metadata": {
                "points": "340.9999990463257,114 368.9999985694885,114 368.9999985694885,110.5 444.9999976158142,110.5 444.9999976158142,142 472.99999713897705,142"
            },
            "src": {
                "port": "stop",
                "process": "python3operator1"
            },
            "tgt": {
                "port": "stop",
                "process": "graphterminator1"
            }
        }
    ],
    "inports": {},
    "outports": {},
    "metadata": {
        "generation": 1
    }
}