{
    "properties": {},
    "description": "",
    "processes": {
        "pipeline1": {
            "component": "com.sap.dh.vflowpipeline",
            "metadata": {
                "label": "C_PURORDACCOUNTASSIGNMENTDEX",
                "x": 181,
                "y": 12,
                "height": 80,
                "width": 120,
                "extensible": false,
                "generation": 1,
                "config": {
                    "graphName": "C_PURORDACCOUNTASSIGNMENTDEX"
                }
            }
        },
        "workflowtrigger1": {
            "component": "com.sap.dh.trigger",
            "metadata": {
                "label": "Workflow Trigger",
                "x": 12,
                "y": 12,
                "height": 80,
                "width": 120,
                "extensible": true,
                "generation": 1,
                "config": {}
            }
        },
        "pipeline2": {
            "component": "com.sap.dh.vflowpipeline",
            "metadata": {
                "label": "C_SALESDOCUMENTSCHEDLINEDEX_1",
                "x": 365.9999990463257,
                "y": 12,
                "height": 80,
                "width": 120,
                "extensible": false,
                "generation": 1,
                "config": {
                    "graphName": "C_SALESDOCUMENTSCHEDLINEDEX_1"
                }
            }
        },
        "pipeline3": {
            "component": "com.sap.dh.vflowpipeline",
            "metadata": {
                "label": "C_SalesDocItmPrcgElmntDEX_1",
                "x": 550.9999980926514,
                "y": 12,
                "height": 80,
                "width": 120,
                "extensible": false,
                "generation": 1,
                "config": {
                    "graphName": "C_SalesDocItmPrcgElmntDEX_1"
                }
            }
        },
        "pipeline4": {
            "component": "com.sap.dh.vflowpipeline",
            "metadata": {
                "label": "C_SalesDocumentItemDEX_1",
                "x": 735.999997138977,
                "y": 12,
                "height": 80,
                "width": 120,
                "extensible": false,
                "generation": 1,
                "config": {
                    "graphName": "C_SalesDocumentItemDEX_1"
                }
            }
        },
        "pipeline5": {
            "component": "com.sap.dh.vflowpipeline",
            "metadata": {
                "label": "I_COMPANYCODE",
                "x": 920.9999961853027,
                "y": 12,
                "height": 80,
                "width": 120,
                "extensible": false,
                "generation": 1,
                "config": {
                    "graphName": "I_COMPANYCODE"
                }
            }
        },
        "pipeline6": {
            "component": "com.sap.dh.vflowpipeline",
            "metadata": {
                "label": "I_COSTCENTERTEXT",
                "x": 15.999995231628418,
                "y": 153,
                "height": 80,
                "width": 120,
                "extensible": false,
                "generation": 1,
                "config": {
                    "graphName": "I_COSTCENTERTEXT"
                }
            }
        },
        "pipeline7": {
            "component": "com.sap.dh.vflowpipeline",
            "metadata": {
                "label": "I_CUSTOMER",
                "x": 206.9999942779541,
                "y": 153,
                "height": 80,
                "width": 120,
                "extensible": false,
                "generation": 1,
                "config": {
                    "graphName": "I_CUSTOMER"
                }
            }
        },
        "pipeline8": {
            "component": "com.sap.dh.vflowpipeline",
            "metadata": {
                "label": "I_CUSTOMERSALESAREA",
                "x": 410.9999933242798,
                "y": 153,
                "height": 80,
                "width": 120,
                "extensible": false,
                "generation": 1,
                "config": {
                    "graphName": "I_CUSTOMERSALESAREA"
                }
            }
        },
        "pipeline9": {
            "component": "com.sap.dh.vflowpipeline",
            "metadata": {
                "label": "I_DELIVERYDOCUMENT",
                "x": 629.9999923706055,
                "y": 153,
                "height": 80,
                "width": 120,
                "extensible": false,
                "generation": 1,
                "config": {
                    "graphName": "I_DELIVERYDOCUMENT"
                }
            }
        },
        "pipeline10": {
            "component": "com.sap.dh.vflowpipeline",
            "metadata": {
                "label": "I_DELIVERYDOCUMENTITEM",
                "x": 847,
                "y": 153,
                "height": 80,
                "width": 120,
                "extensible": false,
                "generation": 1,
                "config": {
                    "graphName": "I_DELIVERYDOCUMENTITEM"
                }
            }
        },
        "pipeline11": {
            "component": "com.sap.dh.vflowpipeline",
            "metadata": {
                "label": "I_FUNCTIONALAREATEXT",
                "x": 1026,
                "y": 153,
                "height": 80,
                "width": 120,
                "extensible": false,
                "generation": 1,
                "config": {
                    "graphName": "I_FUNCTIONALAREATEXT"
                }
            }
        },
        "pipeline12": {
            "component": "com.sap.dh.vflowpipeline",
            "metadata": {
                "label": "I_GLACCOUNTLINEITEMRAWDATA",
                "x": 20,
                "y": 294,
                "height": 80,
                "width": 120,
                "extensible": false,
                "generation": 1,
                "config": {
                    "graphName": "I_GLACCOUNTLINEITEMRAWDATA"
                }
            }
        },
        "pipeline13": {
            "component": "com.sap.dh.vflowpipeline",
            "metadata": {
                "label": "I_GoodsMovementDocumentDEX",
                "x": 202,
                "y": 294,
                "height": 80,
                "width": 120,
                "extensible": false,
                "generation": 1,
                "config": {
                    "graphName": "I_GoodsMovementDocumentDEX"
                }
            }
        },
        "pipeline14": {
            "component": "com.sap.dh.vflowpipeline",
            "metadata": {
                "label": "I_JOURNALENTRY",
                "x": 406,
                "y": 294,
                "height": 80,
                "width": 120,
                "extensible": false,
                "generation": 1,
                "config": {
                    "graphName": "I_JOURNALENTRY"
                }
            }
        },
        "pipeline15": {
            "component": "com.sap.dh.vflowpipeline",
            "metadata": {
                "label": "I_MANUFACTURINGORDEROPERATION",
                "x": 616,
                "y": 294,
                "height": 80,
                "width": 120,
                "extensible": false,
                "generation": 1,
                "config": {
                    "graphName": "I_MANUFACTURINGORDEROPERATION"
                }
            }
        },
        "pipeline16": {
            "component": "com.sap.dh.vflowpipeline",
            "metadata": {
                "label": "I_PRODUCTDESCRIPTION",
                "x": 841,
                "y": 294,
                "height": 80,
                "width": 120,
                "extensible": false,
                "generation": 1,
                "config": {
                    "graphName": "I_PRODUCTDESCRIPTION"
                }
            }
        },
        "pipeline17": {
            "component": "com.sap.dh.vflowpipeline",
            "metadata": {
                "label": "I_PRODUCTGROUPTEXT_2",
                "x": 1065,
                "y": 294,
                "height": 80,
                "width": 120,
                "extensible": false,
                "generation": 1,
                "config": {
                    "graphName": "I_PRODUCTGROUPTEXT_2"
                }
            }
        },
        "pipeline18": {
            "component": "com.sap.dh.vflowpipeline",
            "metadata": {
                "label": "I_PRODUCTIONVERSION",
                "x": 20,
                "y": 445,
                "height": 80,
                "width": 120,
                "extensible": false,
                "generation": 1,
                "config": {
                    "graphName": "I_PRODUCTIONVERSION"
                }
            }
        },
        "pipeline19": {
            "component": "com.sap.dh.vflowpipeline",
            "metadata": {
                "label": "I_PRODUCTPLANTBASIC",
                "x": 207,
                "y": 445,
                "height": 80,
                "width": 120,
                "extensible": false,
                "generation": 1,
                "config": {
                    "graphName": "I_PRODUCTPLANTBASIC"
                }
            }
        },
        "pipeline20": {
            "component": "com.sap.dh.vflowpipeline",
            "metadata": {
                "label": "I_PRODUCTSALESDELIVERY",
                "x": 426,
                "y": 445,
                "height": 80,
                "width": 120,
                "extensible": false,
                "generation": 1,
                "config": {
                    "graphName": "I_PRODUCTSALESDELIVERY"
                }
            }
        },
        "pipeline21": {
            "component": "com.sap.dh.vflowpipeline",
            "metadata": {
                "label": "I_PRODUCTSTORAGE_2",
                "x": 616,
                "y": 445,
                "height": 80,
                "width": 120,
                "extensible": false,
                "generation": 1,
                "config": {
                    "graphName": "I_PRODUCTSTORAGE_2"
                }
            }
        },
        "pipeline22": {
            "component": "com.sap.dh.vflowpipeline",
            "metadata": {
                "label": "I_PRODUCTUNITOFMEASUREEAN",
                "x": 836,
                "y": 445,
                "height": 80,
                "width": 120,
                "extensible": false,
                "generation": 1,
                "config": {
                    "graphName": "I_PRODUCTUNITOFMEASUREEAN"
                }
            }
        },
        "pipeline23": {
            "component": "com.sap.dh.vflowpipeline",
            "metadata": {
                "label": "I_PRODUCTUNITSOFMEASURE",
                "x": 1045,
                "y": 440,
                "height": 80,
                "width": 120,
                "extensible": false,
                "generation": 1,
                "config": {
                    "graphName": "I_PRODUCTUNITSOFMEASURE"
                }
            }
        },
        "pipeline24": {
            "component": "com.sap.dh.vflowpipeline",
            "metadata": {
                "label": "I_MANUFACTURINGORDERCOMPONENT",
                "x": 20,
                "y": 594,
                "height": 80,
                "width": 120,
                "extensible": false,
                "generation": 1,
                "config": {
                    "graphName": "RAW_S4H_APAC_I_MANUFACTURINGORDERCOMPONENT"
                }
            }
        },
        "pipeline25": {
            "component": "com.sap.dh.vflowpipeline",
            "metadata": {
                "label": "ZB_MDM_ADDRESS_D",
                "x": 235,
                "y": 594,
                "height": 80,
                "width": 120,
                "extensible": false,
                "generation": 1,
                "config": {
                    "graphName": "ZB_MDM_ADDRESS_D"
                }
            }
        },
        "pipeline26": {
            "component": "com.sap.dh.vflowpipeline",
            "metadata": {
                "label": "CLFNINTERIDOBJECTMAP",
                "x": 437,
                "y": 594,
                "height": 80,
                "width": 120,
                "extensible": false,
                "generation": 1,
                "config": {
                    "graphName": "ZB_MDM_CLFNINTERIDOBJECTMAP_D"
                }
            }
        },
        "pipeline27": {
            "component": "com.sap.dh.vflowpipeline",
            "metadata": {
                "label": "CLFNOBJCHARCVALBASIC",
                "x": 616,
                "y": 594,
                "height": 80,
                "width": 120,
                "extensible": false,
                "generation": 1,
                "config": {
                    "graphName": "ZB_MDM_CLFNOBJCHARCVALBASIC_D"
                }
            }
        },
        "pipeline28": {
            "component": "com.sap.dh.vflowpipeline",
            "metadata": {
                "label": "CUSTOMERSALESHIEA_D",
                "x": 822,
                "y": 594,
                "height": 80,
                "width": 120,
                "extensible": false,
                "generation": 1,
                "config": {
                    "graphName": "ZB_MDM_CUSTOMERSALESHIEA_D"
                }
            }
        },
        "pipeline29": {
            "component": "com.sap.dh.vflowpipeline",
            "metadata": {
                "label": "CUSTSALESPARTNERFUNC",
                "x": 1045,
                "y": 594,
                "height": 80,
                "width": 120,
                "extensible": false,
                "generation": 1,
                "config": {
                    "graphName": "ZB_MDM_CUSTSALESPARTNERFUNC_D"
                }
            }
        },
        "pipeline30": {
            "component": "com.sap.dh.vflowpipeline",
            "metadata": {
                "label": "PRODUCTINSPTYPESETTING",
                "x": 16,
                "y": 729,
                "height": 80,
                "width": 120,
                "extensible": false,
                "generation": 1,
                "config": {
                    "graphName": "ZB_MDM_PRODUCTINSPTYPESETTING"
                }
            }
        },
        "pipeline31": {
            "component": "com.sap.dh.vflowpipeline",
            "metadata": {
                "label": "PRODUCT_D",
                "x": 221,
                "y": 729,
                "height": 80,
                "width": 120,
                "extensible": false,
                "generation": 1,
                "config": {
                    "graphName": "ZB_MDM_PRODUCT_D"
                }
            }
        },
        "pipeline32": {
            "component": "com.sap.dh.vflowpipeline",
            "metadata": {
                "label": "ZB_PTP_PURDOCTHISTORYBSC_F",
                "x": 437,
                "y": 729,
                "height": 80,
                "width": 120,
                "extensible": false,
                "generation": 1,
                "config": {
                    "graphName": "ZB_PTP_PURDOCTHISTORYBSC_F"
                }
            }
        },
        "pipeline33": {
            "component": "com.sap.dh.vflowpipeline",
            "metadata": {
                "label": "PRODUCTCOSTESTIMATE",
                "x": 630,
                "y": 729,
                "height": 80,
                "width": 120,
                "extensible": false,
                "generation": 1,
                "config": {
                    "graphName": "ZB_RTR_PRODUCTCOSTESTIMATE_F"
                }
            }
        },
        "pipeline34": {
            "component": "com.sap.dh.vflowpipeline",
            "metadata": {
                "label": "PRODUCTCOSTESTITEM",
                "x": 831,
                "y": 729,
                "height": 80,
                "width": 120,
                "extensible": false,
                "generation": 1,
                "config": {
                    "graphName": "ZB_RTR_PRODUCTCOSTESTITEM_F"
                }
            }
        },
        "python3operator1": {
            "component": "com.sap.system.python3Operator",
            "metadata": {
                "label": "Trigger file",
                "x": 1060,
                "y": 729,
                "height": 80,
                "width": 120,
                "extensible": true,
                "filesRequired": [
                    "script.py"
                ],
                "generation": 1,
                "config": {
                    "script": "import time\nimport os\nimport csv\nfrom io import StringIO\nimport time\nfrom datetime import datetime\ndef on_input(inData):\n    api.send('output','Parsing started blcok1')\n    f= open(\"/vrep/vflow/trigger_DI_GRAPHS_COMPLETED.txt\",\"w\")\n    f.write(\"File Genrated\")\n\n\napi.set_port_callback('input1', on_input)\n"
                },
                "additionalinports": [
                    {
                        "name": "input1",
                        "type": "string"
                    }
                ],
                "additionaloutports": [
                    {
                        "name": "output",
                        "type": "string"
                    }
                ]
            }
        },
        "graphterminator1": {
            "component": "com.sap.util.graphTerminator",
            "metadata": {
                "label": "Graph Terminator",
                "x": 1263,
                "y": 729,
                "height": 80,
                "width": 120,
                "generation": 1,
                "config": {}
            }
        }
    },
    "groups": [],
    "connections": [
        {
            "metadata": {
                "points": "136,52 176,52"
            },
            "src": {
                "port": "output",
                "process": "workflowtrigger1"
            },
            "tgt": {
                "port": "input",
                "process": "pipeline1"
            }
        },
        {
            "metadata": {
                "points": "305,43 332.99999952316284,43 332.99999952316284,52 360.9999990463257,52"
            },
            "src": {
                "port": "output",
                "process": "pipeline1"
            },
            "tgt": {
                "port": "input",
                "process": "pipeline2"
            }
        },
        {
            "metadata": {
                "points": "489.9999990463257,43 517.9999985694885,43 517.9999985694885,52 545.9999980926514,52"
            },
            "src": {
                "port": "output",
                "process": "pipeline2"
            },
            "tgt": {
                "port": "input",
                "process": "pipeline3"
            }
        },
        {
            "metadata": {
                "points": "674.9999980926514,43 702.9999976158142,43 702.9999976158142,52 730.999997138977,52"
            },
            "src": {
                "port": "output",
                "process": "pipeline3"
            },
            "tgt": {
                "port": "input",
                "process": "pipeline4"
            }
        },
        {
            "metadata": {
                "points": "859.999997138977,43 887.9999966621399,43 887.9999966621399,52 915.9999961853027,52"
            },
            "src": {
                "port": "output",
                "process": "pipeline4"
            },
            "tgt": {
                "port": "input",
                "process": "pipeline5"
            }
        },
        {
            "metadata": {
                "points": "1044.9999961853027,43 1095,43 1095,118 -39,118 -39,193 10.999995231628418,193"
            },
            "src": {
                "port": "output",
                "process": "pipeline5"
            },
            "tgt": {
                "port": "input",
                "process": "pipeline6"
            }
        },
        {
            "metadata": {
                "points": "139.99999523162842,184 171,184 171,193 201.9999942779541,193"
            },
            "src": {
                "port": "output",
                "process": "pipeline6"
            },
            "tgt": {
                "port": "input",
                "process": "pipeline7"
            }
        },
        {
            "metadata": {
                "points": "330.9999942779541,184 368.5,184 368.5,193 405.9999933242798,193"
            },
            "src": {
                "port": "output",
                "process": "pipeline7"
            },
            "tgt": {
                "port": "input",
                "process": "pipeline8"
            }
        },
        {
            "metadata": {
                "points": "534.9999933242798,184 580,184 580,193 624.9999923706055,193"
            },
            "src": {
                "port": "output",
                "process": "pipeline8"
            },
            "tgt": {
                "port": "input",
                "process": "pipeline9"
            }
        },
        {
            "metadata": {
                "points": "753.9999923706055,184 798,184 798,193 842,193"
            },
            "src": {
                "port": "output",
                "process": "pipeline9"
            },
            "tgt": {
                "port": "input",
                "process": "pipeline10"
            }
        },
        {
            "metadata": {
                "points": "971,184 996,184 996,193 1021,193"
            },
            "src": {
                "port": "output",
                "process": "pipeline10"
            },
            "tgt": {
                "port": "input",
                "process": "pipeline11"
            }
        },
        {
            "metadata": {
                "points": "1150,184 1200,184 1200,259 -35,259 -35,334 15,334"
            },
            "src": {
                "port": "output",
                "process": "pipeline11"
            },
            "tgt": {
                "port": "input",
                "process": "pipeline12"
            }
        },
        {
            "metadata": {
                "points": "144,325 170.5,325 170.5,334 197,334"
            },
            "src": {
                "port": "output",
                "process": "pipeline12"
            },
            "tgt": {
                "port": "input",
                "process": "pipeline13"
            }
        },
        {
            "metadata": {
                "points": "326,325 363.5,325 363.5,334 401,334"
            },
            "src": {
                "port": "output",
                "process": "pipeline13"
            },
            "tgt": {
                "port": "input",
                "process": "pipeline14"
            }
        },
        {
            "metadata": {
                "points": "530,325 570.5,325 570.5,334 611,334"
            },
            "src": {
                "port": "output",
                "process": "pipeline14"
            },
            "tgt": {
                "port": "input",
                "process": "pipeline15"
            }
        },
        {
            "metadata": {
                "points": "740,325 788,325 788,334 836,334"
            },
            "src": {
                "port": "output",
                "process": "pipeline15"
            },
            "tgt": {
                "port": "input",
                "process": "pipeline16"
            }
        },
        {
            "metadata": {
                "points": "965,325 1012.5,325 1012.5,334 1060,334"
            },
            "src": {
                "port": "output",
                "process": "pipeline16"
            },
            "tgt": {
                "port": "input",
                "process": "pipeline17"
            }
        },
        {
            "metadata": {
                "points": "1189,325 1239,325 1239,405 -35,405 -35,485 15,485"
            },
            "src": {
                "port": "output",
                "process": "pipeline17"
            },
            "tgt": {
                "port": "input",
                "process": "pipeline18"
            }
        },
        {
            "metadata": {
                "points": "144,476 173,476 173,485 202,485"
            },
            "src": {
                "port": "output",
                "process": "pipeline18"
            },
            "tgt": {
                "port": "input",
                "process": "pipeline19"
            }
        },
        {
            "metadata": {
                "points": "331,476 376,476 376,485 421,485"
            },
            "src": {
                "port": "output",
                "process": "pipeline19"
            },
            "tgt": {
                "port": "input",
                "process": "pipeline20"
            }
        },
        {
            "metadata": {
                "points": "550,476 580.5,476 580.5,485 611,485"
            },
            "src": {
                "port": "output",
                "process": "pipeline20"
            },
            "tgt": {
                "port": "input",
                "process": "pipeline21"
            }
        },
        {
            "metadata": {
                "points": "740,476 785.5,476 785.5,485 831,485"
            },
            "src": {
                "port": "output",
                "process": "pipeline21"
            },
            "tgt": {
                "port": "input",
                "process": "pipeline22"
            }
        },
        {
            "metadata": {
                "points": "960,476 1000,476 1000,480 1040,480"
            },
            "src": {
                "port": "output",
                "process": "pipeline22"
            },
            "tgt": {
                "port": "input",
                "process": "pipeline23"
            }
        },
        {
            "metadata": {
                "points": "1169,471 1219,471 1219,552.5 -35,552.5 -35,634 15,634"
            },
            "src": {
                "port": "output",
                "process": "pipeline23"
            },
            "tgt": {
                "port": "input",
                "process": "pipeline24"
            }
        },
        {
            "metadata": {
                "points": "144,625 187,625 187,634 230,634"
            },
            "src": {
                "port": "output",
                "process": "pipeline24"
            },
            "tgt": {
                "port": "input",
                "process": "pipeline25"
            }
        },
        {
            "metadata": {
                "points": "359,625 395.5,625 395.5,634 432,634"
            },
            "src": {
                "port": "output",
                "process": "pipeline25"
            },
            "tgt": {
                "port": "input",
                "process": "pipeline26"
            }
        },
        {
            "metadata": {
                "points": "561,625 586,625 586,634 611,634"
            },
            "src": {
                "port": "output",
                "process": "pipeline26"
            },
            "tgt": {
                "port": "input",
                "process": "pipeline27"
            }
        },
        {
            "metadata": {
                "points": "740,625 778.5,625 778.5,634 817,634"
            },
            "src": {
                "port": "output",
                "process": "pipeline27"
            },
            "tgt": {
                "port": "input",
                "process": "pipeline28"
            }
        },
        {
            "metadata": {
                "points": "946,625 993,625 993,634 1040,634"
            },
            "src": {
                "port": "output",
                "process": "pipeline28"
            },
            "tgt": {
                "port": "input",
                "process": "pipeline29"
            }
        },
        {
            "metadata": {
                "points": "1169,625 1219,625 1219,697 -39,697 -39,769 11,769"
            },
            "src": {
                "port": "output",
                "process": "pipeline29"
            },
            "tgt": {
                "port": "input",
                "process": "pipeline30"
            }
        },
        {
            "metadata": {
                "points": "140,760 178,760 178,769 216,769"
            },
            "src": {
                "port": "output",
                "process": "pipeline30"
            },
            "tgt": {
                "port": "input",
                "process": "pipeline31"
            }
        },
        {
            "metadata": {
                "points": "345,760 388.5,760 388.5,769 432,769"
            },
            "src": {
                "port": "output",
                "process": "pipeline31"
            },
            "tgt": {
                "port": "input",
                "process": "pipeline32"
            }
        },
        {
            "metadata": {
                "points": "561,760 593,760 593,769 625,769"
            },
            "src": {
                "port": "output",
                "process": "pipeline32"
            },
            "tgt": {
                "port": "input",
                "process": "pipeline33"
            }
        },
        {
            "metadata": {
                "points": "754,760 790,760 790,769 826,769"
            },
            "src": {
                "port": "output",
                "process": "pipeline33"
            },
            "tgt": {
                "port": "input",
                "process": "pipeline34"
            }
        },
        {
            "metadata": {
                "points": "955,760 1005,760 1005,769 1055,769"
            },
            "src": {
                "port": "output",
                "process": "pipeline34"
            },
            "tgt": {
                "port": "input1",
                "process": "python3operator1"
            }
        },
        {
            "metadata": {
                "points": "1184,769 1258,769"
            },
            "src": {
                "port": "output",
                "process": "python3operator1"
            },
            "tgt": {
                "port": "stop",
                "process": "graphterminator1"
            }
        }
    ],
    "inports": {},
    "outports": {},
    "metadata": {
        "generation": 1
    }
}