{
    "description": "DI_ANZ_READ_CSV",
    "processes": {
        "readfile1": {
            "component": "com.sap.file.read",
            "metadata": {
                "label": "Read File",
                "x": 203,
                "y": 101,
                "height": 80,
                "width": 120,
                "generation": 1,
                "config": {
                    "mode": "Once",
                    "path": "files/vflow/500000 BT Records.csv",
                    "connection": {
                        "configurationType": "System Management Files (\"/files/\")",
                        "vrepRoot": "/files/"
                    }
                }
            }
        },
        "terminal1": {
            "component": "com.sap.util.terminal",
            "metadata": {
                "label": "Terminal",
                "x": 541,
                "y": 136,
                "height": 80,
                "width": 120,
                "generation": 1,
                "ui": "dynpath",
                "config": {}
            }
        },
        "fromfile11": {
            "component": "com.sap.file.fromFile",
            "metadata": {
                "label": "From File",
                "x": 383.9999990463257,
                "y": 127,
                "height": 50,
                "width": 50,
                "config": {}
            },
            "name": "fromfile1"
        },
        "tostringconverter1": {
            "component": "com.sap.util.toStringConverter",
            "metadata": {
                "label": "ToString Converter",
                "x": 381.49999952316284,
                "y": 91.5,
                "height": 50,
                "width": 50,
                "generation": 1,
                "config": {}
            }
        }
    },
    "groups": [],
    "connections": [
        {
            "metadata": {
                "points": "327,132 353,132 353,152 378.9999990463257,152"
            },
            "src": {
                "port": "file",
                "process": "readfile1"
            },
            "tgt": {
                "port": "file",
                "process": "fromfile11"
            }
        },
        {
            "metadata": {
                "points": "418.9999990463257,161 488,161 488,134.25 326.5,134.25 326.5,107.5 395.49999952316284,107.5"
            },
            "src": {
                "port": "message",
                "process": "fromfile11"
            },
            "tgt": {
                "port": "ininterface",
                "process": "tostringconverter1"
            }
        },
        {
            "metadata": {
                "points": "416.49999952316284,116.5 485.75,116.5 485.75,176 555,176"
            },
            "src": {
                "port": "outstring",
                "process": "tostringconverter1"
            },
            "tgt": {
                "port": "in1",
                "process": "terminal1"
            }
        }
    ],
    "inports": {},
    "outports": {},
    "properties": {},
    "metadata": {
        "generation": 1
    }
}