{
    "description": "Pipeline graph",
    "processes": {
        "pipeline1": {
            "component": "com.sap.dh.vflowpipeline",
            "metadata": {
                "label": "Pipeline",
                "x": 181,
                "y": 57,
                "height": 80,
                "width": 120,
                "extensible": false,
                "generation": 1,
                "config": {
                    "graphName": "TEST_GEN2",
                    "configurationSubstitutions": [
                        {
                            "name": "Snowflake_Table",
                            "value": "RAW_S4H_APAC_I_PRODUCTUNITOFMEASUREEAN"
                        }
                    ]
                }
            }
        },
        "workflowtrigger1": {
            "component": "com.sap.dh.trigger",
            "metadata": {
                "label": "Workflow Trigger",
                "x": 12,
                "y": 57,
                "height": 80,
                "width": 120,
                "extensible": true,
                "generation": 1,
                "config": {}
            }
        },
        "terminal1": {
            "component": "com.sap.util.terminal",
            "metadata": {
                "label": "Terminal",
                "x": 365.9999990463257,
                "y": 12,
                "height": 80,
                "width": 120,
                "generation": 1,
                "ui": "dynpath",
                "config": {}
            }
        },
        "terminal2": {
            "component": "com.sap.util.terminal",
            "metadata": {
                "label": "Terminal",
                "x": 550.9999980926514,
                "y": 57,
                "height": 80,
                "width": 120,
                "generation": 1,
                "ui": "dynpath",
                "config": {}
            }
        },
        "tostringconverter1": {
            "component": "com.sap.util.toStringConverter",
            "metadata": {
                "label": "ToString Converter",
                "x": 400.4999990463257,
                "y": 132,
                "height": 50,
                "width": 50,
                "generation": 1,
                "config": {}
            }
        }
    },
    "groups": [],
    "connections": [
        {
            "metadata": {
                "points": "136,97 176,97"
            },
            "src": {
                "port": "output",
                "process": "workflowtrigger1"
            },
            "tgt": {
                "port": "input",
                "process": "pipeline1"
            }
        },
        {
            "metadata": {
                "points": "305,88 332.99999952316284,88 332.99999952316284,52 360.9999990463257,52"
            },
            "src": {
                "port": "output",
                "process": "pipeline1"
            },
            "tgt": {
                "port": "in1",
                "process": "terminal1"
            }
        },
        {
            "metadata": {
                "points": "305,106 332.99999952316284,106 332.99999952316284,148 395.4999990463257,148"
            },
            "src": {
                "port": "error",
                "process": "pipeline1"
            },
            "tgt": {
                "port": "ininterface",
                "process": "tostringconverter1"
            }
        },
        {
            "metadata": {
                "points": "454.4999990463257,157 517.9999985694885,157 517.9999985694885,97 545.9999980926514,97"
            },
            "src": {
                "port": "outstring",
                "process": "tostringconverter1"
            },
            "tgt": {
                "port": "in1",
                "process": "terminal2"
            }
        }
    ],
    "inports": {},
    "outports": {},
    "properties": {},
    "metadata": {
        "generation": 1
    }
}