{
    "description": "",
    "processes": {
        "readfile11": {
            "component": "com.sap.file.read",
            "metadata": {
                "label": "Read File",
                "x": 172,
                "y": 126,
                "height": 80,
                "width": 120,
                "generation": 1,
                "config": {
                    "mode": "Once",
                    "connection": {
                        "configurationType": "System Management Files (\"/files/\")",
                        "vrepRoot": "/files/"
                    },
                    "path": "/vflow/Error_RAW_S4H_ZB_MDM_PRODUCT_D.csv_2022_09_01-12:46:43"
                }
            },
            "name": "readfile1"
        },
        "wiretap1": {
            "component": "com.sap.util.wiretap",
            "metadata": {
                "label": "Wiretap",
                "x": 480,
                "y": 146,
                "height": 80,
                "width": 120,
                "generation": 1,
                "ui": "dynpath",
                "config": {}
            }
        }
    },
    "groups": [],
    "connections": [
        {
            "metadata": {
                "points": "296,157 385.5,157 385.5,186 475,186"
            },
            "src": {
                "port": "file",
                "process": "readfile11"
            },
            "tgt": {
                "port": "in",
                "process": "wiretap1"
            }
        }
    ],
    "inports": {},
    "outports": {},
    "properties": {},
    "metadata": {
        "generation": 1
    }
}