[
    {
        "Name": "pipeline-modeler-bb2b6e15d682f141dfedfb-tbvjm-5b79d7d757-kjr5r",
        "Labels": {
            "bdh-uninstall": "cleanup",
            "datahub.sap.com/app": "vflow",
            "datahub.sap.com/app-component": "vflow",
            "datahub.sap.com/package-version": "3.2.78",
            "pod-template-hash": "5b79d7d757",
            "vora-component": "vflow",
            "vsystem.datahub.sap.com/app": "pipeline-modeler-bb2b6e15d682f141dfedfb",
            "vsystem.datahub.sap.com/component": "app",
            "vsystem.datahub.sap.com/diagnostics": "true",
            "vsystem.datahub.sap.com/template": "pipeline-modeler",
            "vsystem.datahub.sap.com/tenant": "daxapp001",
            "vsystem.datahub.sap.com/tenant-uid": "8fb9112cd52b45e786f8d00fef89a901",
            "vsystem.datahub.sap.com/user": "gkc5909"
        },
        "IP": "10.248.18.158",
        "Host": "aks-agentpool-14192440-vmss000005",
        "RestartPolicy": "never",
        "RestartController": "",
        "status": "running",
        "reason": "",
        "updated": 1656484566,
        "message": "Container is currently running",
        "restartCount": 2,
        "image": "sg1xdiapp001.azurecr.io/com.sap.datahub.linuxx86_64/vsystem:3.2.51",
        "containerName": "vflow",
        "additionalContainerNames": null
    }
]
