{
    "iconsrc": "",
    "properties": {},
    "snapshotConfig": {
        "enabled": true,
        "periodSeconds": 30
    },
    "description": "I_EXCHANGERATERAWDATA",
    "processes": {
        "snowflakegen21": {
            "component": "Snowflake Gen2",
            "metadata": {
                "label": "Snowflake Gen2",
                "x": 385.9999990463257,
                "y": 80,
                "height": 80,
                "width": 120,
                "extensible": true,
                "filesRequired": [
                    "script.py"
                ],
                "generation": 2,
                "isNewAPI": true,
                "config": {
                    "Database": "DEV_KHC_INGEST",
                    "Schema": "SAP_MASTER_DATA",
                    "Snowflake Table": "RAW_S4H_APAC_I_PRODUCTTYPETEXT_2",
                    "Snowflake_Table_Name": "RAW_S4H_APAC_I_EXCHANGERATERAWDATA",
                    "Truncate": "Yes",
                    "errorHandling": "{\"type\":\"terminate on error\"}",
                    "script": "import pandas as pd\nimport snowflake.connector\nfrom snowflake.connector.pandas_tools import write_pandas\nfrom io import StringIO\nimport csv\nimport json\nfrom datetime import datetime\nsnowflake.connector.paramstyle='qmark'\n\nif  api.config.Truncate =='Yes':\n    conn_sf = snowflake.connector.connect(\n    account = api.config.Account,\n    user = api.config.Username,\n    warehouse = api.config.Warehouse,\n    password = api.config.Password,\n    database = api.config.Database,\n    schema = api.config.Schema)\n    table=[api.config.Snowflake_Table_Name]\n    conn_sf.cursor().execute(\"delete from IDENTIFIER(?)\",table)\nelse:\n    conn_sf = snowflake.connector.connect(\n    account =  api.config.Account,\n    user = api.config.Username,\n    warehouse = api.config.Warehouse,\n    password = api.config.Password,\n    database = api.config.Database,\n    schema = api.config.Schema)\n        \n    \n    \ndef on_input(msg_id, header, data):\n\n    tbl = data.get()\n    x=header['com.sap.headers.batch']\n    y=x[1]\n    if x[1]==False:\n        api.outputs.log.publish(str(\"Graph Started\"))\n        tbl_info = api.type_context.get_vtype(tbl.type_ref)\n        col_names = list(tbl_info.columns.keys())\n        df = pd.DataFrame(tbl.body,columns = col_names,dtype=str)\n        table=api.config.Snowflake_Table_Name\n        api.outputs.log.publish(str(\"Load Started\"))\n        \n        try:\n\n            inserted_rows = write_pandas(conn = conn_sf, df = df,table_name = table,compression=\"snappy\",parallel=90, quote_identifiers = False)\n            api.outputs.log.publish(str(inserted_rows))\n            api.outputs.log.publish(str(\"Load Completed\"))\n        except Exception as e:\n            \n            api.outputs.log.publish(str('Error while loading data'))\n            date = datetime.now().strftime(\"%Y_%m_%d-%I:%M:%S\")\n            df.to_csv(r'/vrep/vflow/Error_RAW_S4H_APAC_I_EXCHANGERATERAWDATA.csv_{}'.format(date), index=False)\n            api.outputs.log.publish(str('Failed data pushed to error file in path /vrep/vflow/'))\n            api.outputs.log.publish(str(e))\n            api.propagate_exception(e)\n\n                \n    else:\n        api.outputs.log2.publish(str('no data'))\n\n\n    \n\n        \n    \napi.set_port_callback(\"input1\", on_input)\n\n\n\n\n\n\n\n\n\n\n\n\n\n\n\n\n\n\n\n\n\n# For more information about the Python3Operator, drag it to the graph canvas,\n# right click on it, and click on \"Open Documentation\".\n\n# To uncomment the snippets below you can highlight the relevant lines and\n# press Ctrl+/ on Windows and Linux or Cmd+/ on Mac.\n\n# # Basic Example 1: Count inputs so far and send on output port (port type\n# com.sap.core.string)\n# # When using the snippet below make sure you create an output port of type\n# #string\n# counter = 0\n#\n# def on_input(msg_id, header, body):\n#     global counter\n#     counter += 1\n#     api.outputs.output.publish(str(counter))\n#\n# api.set_port_callback(\"input\", on_input)\n\n\n# # Basic Example 2: Read incoming table as stream and send it\n# as stream as well to the output port (any table port type),\n# # When using the snippet below make sure you create an input and output\n# # port of table type\n#\n# import threading\n# chunk_size = 10\n# \n# # Since this is run in a different thread, exceptions on it will not\n# # trigger any action. Alternatives are using `api.propagate_exception\n# # or sending through a queue to the operator main thread (the callback one).\n# def process_batch(body):\n#     try:\n#         reader = body.get_reader()\n#         # These two line is needed if the output port is of type-id \"*\" (dynamic)\n#         # It specifies the type of the dynamic table output which is\n#         # in this case the type of the given input table\n#         table = reader.read(chunk_size)\n#         api.outputs.output.set_dynamic_type(table.type_ref)\n#         # This allows creating one output stream per thread,\n#         # each being able to send data in parallel.\n#         msg_id, writer = api.outputs.output.with_writer()\n#         # Send the first chunk before running the while loop\n#         writer.write(table)\n#         while True:\n#             table = reader.read(chunk_size)\n#             # When the stream is closed, len(table) < expected.\n#             # If -1 was passed, read would wait for stream to close\n#             if len(table) <= 0:\n#                 api.logger.info('End of table')\n#                 break\n#             \n#             writer.write(table)\n#         writer.close()\n#     except Exception as ex:\n#         api.propagate_exception(ex)\n# \n# def on_input(msg_id, header, body):\n#     # Since each input thriggers a thread, it is possible to have\n#     # multiple actions happening in parallel.\n#     threading.Thread(target=process_batch, args=[body]).start()\n# \n# api.set_port_callback(\"input\", on_input)\n\n\n# # Basic Example 3: State Management support, more details at the operator\n# # documentation.\n# # This operator will accumulate all the numeric values it gets on the input\n# # and it will recover when the graph crashes with the accumulated value stored as state of this operator\n# # When using the snippet below make sure you create input of the com.sap.core.int64\n# # and output port of the com.sap.core.string type.\n# # You can use Basic Example 4 as a generator operator for the integer inputs of this example\n# # Also make sure to start the graph with State Management enabled (via Run As..)\n#\n# # Statemanagement needs to be only implemented for operators which need to store a state\n# # that influences the processing of the input messages (like in this example adding the accumulated value to the output).\n# # If you can process the input message independently of any state variable\n# # (e.g. the output is always the same for the same input message after a graph recovery)\n# # then you don't need to implement these methods as your operator is considered stateless.\n# import pickle\n# import random\n# import time\n#\n# # Internal operator state\n# acc = 0\n#\n# def on_input(msg_id, header, body):\n#     global acc\n#     v = body.get()\n#     acc += v\n#     if random.randint(1,101) % 100 == 0:\n#         # Enforce a crash with 1% chance to enforce a recovery restart\n#         # But sleep 10 seconds to ensure that you can view the results of the output\n#         time.sleep(10)\n#         raise Exception(\"crashed with 1% chance. Feel free to adjust the chance based on your needs.\")\n#     api.outputs.output.publish(\"%d: %d\" % (v, acc))\n#\n# api.set_port_callback(\"input\", on_input)\n#\n# # It is required to have `is_stateful` set, but since this operator\n# # script does not define a generator no information about output port is passed.\n# # More details in the operator documentation.\n#\n# api.set_initial_snapshot_info(api.InitialProcessInfo(is_stateful=True))\n#\n# def serialize(epoch):\n#     return pickle.dumps(acc)\n#\n# api.set_serialize_callback(serialize)\n#\n# def restore(epoch, state_bytes):\n#     global acc\n#     acc = pickle.loads(state_bytes)\n#\n# api.set_restore_callback(restore)\n#\n# def complete_callback(epoch):\n#     api.logger.info(f\"epoch {epoch} is completed!!!\")\n#\n# api.set_epoch_complete_callback(complete_callback)\n# \n# # Basic Example 4: Prestart\n# # When using the snippet below make sure you create an output port of type\n# # com.sap.core.int64\n# counter = 0\n#\n# def gen():\n#     global counter\n#     for i in range(10000):\n#         api.outputs.output.publish(counter)\n#         counter += 1\n#\n# api.set_prestart(gen)\n\n# # Basic Example 5: Timer\n# # When using the snippet below make sure you create an output port of type\n# # com.sap.core.binary\n# import os\n# from io import BytesIO\n# import datetime\n#\n# # Function called when operator handling mode is set to `retry`\n# # (more details at the operator documentation)\n# def custom_response_callback(msg_id, ex):\n#     if ex:\n#         api.logger.error(\"Error when publishing %s: %s\" % (str(msg_id), str(ex)))\n#\n#\n# def time_callback():\n#     dummy_bytes = os.urandom(20)\n#     dummy_binary = BytesIO(dummy_bytes)\n#     dummy_headers = {\n#         # header (structure) type-id: api.Record([list of structure fields])\n#         \"com.sap.headers.file\": api.Record([\n#             \"dummyConnection\", # connection\n#             \"dummy/Path\", # path\n#             len(dummy_bytes), # size\n#             False, #isDir\n#             datetime.datetime.now().isoformat() # modTime\n#         ])\n#     }\n#     # Send all binary data at once to the output, if only the first\n#     # 10 bytes were to be sent, `n` = 10\n#     msg_id = api.outputs.output.publish(dummy_binary, -1,\n#                                         header=dummy_headers,\n#                                         response_callback=custom_response_callback)\n#     # Controls the time until the next call to time_callback\n#     return 1\n#\n# api.add_timer(time_callback)\n\n# # Basic Example 6: Shutdown\n# # The shutdown function will be called when the operator receives a stop signal\n# # In this example it prints a simple information in the trace logs with the current message counter\n# # When using the snippet below make sure you create an input port of an arbitrary type and stop the graph\n# # You can check the graph diagnostics / traces of the graph for the shutdown message when the graph stopped.\n# counter = 0\n#\n# def on_input(msg_id, header, body):\n#     global counter\n#     counter += 1\n#\n# api.set_port_callback(\"input\", on_input)\n#\n# def shutdown():\n#     api.logger.info(\"shutdown: %d\" % counter)\n#\n# api.set_shutdown(shutdown)\n",
                    "Account": "Kraft.east-us-2.privatelink",
                    "Password": "9xXC=lS_3/_^4}v6",
                    "Username": "khc_sapdi_conn_user_dev",
                    "Warehouse": "dev_cloud_analytics_platform"
                },
                "additionalinports": [
                    {
                        "name": "input1",
                        "type": "table",
                        "vtype-ID": "$GRAPH.generated.datatransform1_output"
                    }
                ],
                "additionaloutports": [
                    {
                        "name": "log",
                        "type": "scalar",
                        "vtype-ID": "com.sap.core.string"
                    },
                    {
                        "name": "log2",
                        "type": "scalar",
                        "vtype-ID": "com.sap.core.string"
                    }
                ]
            }
        },
        "datatransform1": {
            "component": "com.sap.datatransform.v2",
            "metadata": {
                "label": "Data Transform",
                "x": 181,
                "y": 72,
                "height": 80,
                "width": 120,
                "extensible": false,
                "generation": 2,
                "isNewAPI": true,
                "config": {
                    "definition": {
                        "nodeType": "ContainerNode",
                        "inputs": [
                            {
                                "id": "8a428d97-fc93-41e7-af1a-c939a9a5082a",
                                "nodeType": "InPort",
                                "name": "input2",
                                "attributes": [
                                    {
                                        "id": "a5557f1a-1c2b-49a8-8942-7435be45fbe0",
                                        "name": "ExchangeRateType",
                                        "datatype": "string",
                                        "nullable": false,
                                        "length": 4
                                    },
                                    {
                                        "id": "1d7ceb0f-662d-401b-bc01-51a2b61b39db",
                                        "name": "SourceCurrency",
                                        "datatype": "string",
                                        "nullable": false,
                                        "length": 5
                                    },
                                    {
                                        "id": "c4b588d3-7322-40d0-9035-b2b813281309",
                                        "name": "TargetCurrency",
                                        "datatype": "string",
                                        "nullable": false,
                                        "length": 5
                                    },
                                    {
                                        "id": "7dd28351-bb61-42dc-9dde-abf8f735e845",
                                        "name": "ValidityStartDate",
                                        "datatype": "date",
                                        "nullable": false
                                    },
                                    {
                                        "id": "28c6b9de-96d5-4d6e-b2b5-1e992ab9fc3d",
                                        "name": "ExchangeRate",
                                        "datatype": "decimal",
                                        "nullable": false,
                                        "precision": 9,
                                        "scale": 5
                                    },
                                    {
                                        "id": "fb0c6426-8ed9-459c-a1d6-bb3503779cb0",
                                        "name": "NumberOfSourceCurrencyUnits",
                                        "datatype": "decimal",
                                        "nullable": false,
                                        "precision": 9,
                                        "scale": 0
                                    },
                                    {
                                        "id": "a8ed084f-8975-4152-a2d5-6973cd829a76",
                                        "name": "NumberOfTargetCurrencyUnits",
                                        "datatype": "decimal",
                                        "nullable": false,
                                        "precision": 9,
                                        "scale": 0
                                    },
                                    {
                                        "id": "8962d646-e78c-49b8-b6b7-f6be2dc0c003",
                                        "name": "/1DH/OPERATION",
                                        "datatype": "string",
                                        "nullable": false,
                                        "length": 1
                                    }
                                ],
                                "UILayout": {
                                    "x": 12,
                                    "y": 132,
                                    "height": 80,
                                    "width": 80
                                }
                            }
                        ],
                        "outputs": [
                            {
                                "id": "4d342fe4-332a-4379-940a-8eaefe9f66f1",
                                "nodeType": "OutPort",
                                "name": "output",
                                "attributes": [
                                    {
                                        "id": "859037b8-c254-4c5b-bc9a-33253f1264a3",
                                        "name": "ExchangeRateType",
                                        "datatype": "string",
                                        "nullable": false,
                                        "length": 4
                                    },
                                    {
                                        "id": "61fde9fa-6218-448b-b044-d3c85cd5cd0a",
                                        "name": "SourceCurrency",
                                        "datatype": "string",
                                        "nullable": false,
                                        "length": 5
                                    },
                                    {
                                        "id": "a5e40e09-774a-4aab-842c-7503508474fa",
                                        "name": "TargetCurrency",
                                        "datatype": "string",
                                        "nullable": false,
                                        "length": 5
                                    },
                                    {
                                        "id": "1a5e8734-a196-4943-8ca1-1223d133910e",
                                        "name": "ValidityStartDate",
                                        "datatype": "date",
                                        "nullable": false
                                    },
                                    {
                                        "id": "0c564b88-0689-44f0-914d-d432010fc274",
                                        "name": "ExchangeRate",
                                        "datatype": "decimal",
                                        "nullable": false,
                                        "precision": 9,
                                        "scale": 5
                                    },
                                    {
                                        "id": "e6c0842d-8537-426e-9040-430e51d20867",
                                        "name": "NumberOfSourceCurrencyUnits",
                                        "datatype": "decimal",
                                        "nullable": false,
                                        "precision": 9,
                                        "scale": 0
                                    },
                                    {
                                        "id": "a2f1f085-565a-4579-aee9-1889c6c0c3d7",
                                        "name": "NumberOfTargetCurrencyUnits",
                                        "datatype": "decimal",
                                        "nullable": false,
                                        "precision": 9,
                                        "scale": 0
                                    },
                                    {
                                        "id": "b8d31cd8-96ff-409c-b015-cf26aae80f51",
                                        "name": "OPERATION",
                                        "datatype": "string",
                                        "nullable": false,
                                        "length": 1
                                    },
                                    {
                                        "id": "bd96966e-07a3-40cd-a627-a00a96ec6d23",
                                        "name": "LAST_UPDATE_DATE",
                                        "datatype": "timestamp",
                                        "nullable": true
                                    }
                                ],
                                "mode": "OVERWRITE",
                                "UILayout": {
                                    "x": 344,
                                    "y": 72,
                                    "height": 80,
                                    "width": 80
                                }
                            }
                        ],
                        "nodes": [
                            {
                                "id": "7c0d6e7a-a571-4693-9ad1-1c5ef88d84c3",
                                "type": "FilterNode",
                                "nodeType": "FilterNode",
                                "name": "Projection",
                                "inputs": [
                                    {
                                        "id": "b6f120e6-80c6-4c71-b10b-439635671a77",
                                        "name": "Projection_Input1",
                                        "attributes": [
                                            {
                                                "id": "c86d5ec2-a26d-42ba-98ee-445c5f802b3b",
                                                "name": "ExchangeRateType",
                                                "datatype": "string",
                                                "nullable": false,
                                                "length": 4
                                            },
                                            {
                                                "id": "c4e07544-668b-485e-aefd-63ec923683f8",
                                                "name": "SourceCurrency",
                                                "datatype": "string",
                                                "nullable": false,
                                                "length": 5
                                            },
                                            {
                                                "id": "671e4b41-cb0f-4e03-b0fe-66fd2f3bc276",
                                                "name": "TargetCurrency",
                                                "datatype": "string",
                                                "nullable": false,
                                                "length": 5
                                            },
                                            {
                                                "id": "cdbfeb90-546b-447d-90c0-4d571e01bf3c",
                                                "name": "ValidityStartDate",
                                                "datatype": "date",
                                                "nullable": false
                                            },
                                            {
                                                "id": "f5ee9d06-c746-4294-b002-177d9314f8ee",
                                                "name": "ExchangeRate",
                                                "datatype": "decimal",
                                                "nullable": false,
                                                "precision": 9,
                                                "scale": 5
                                            },
                                            {
                                                "id": "3a33d7bd-938b-455a-8465-746773840d1e",
                                                "name": "NumberOfSourceCurrencyUnits",
                                                "datatype": "decimal",
                                                "nullable": false,
                                                "precision": 9,
                                                "scale": 0
                                            },
                                            {
                                                "id": "8b567a7b-dfac-4ad4-a1d3-303398dcd4c0",
                                                "name": "NumberOfTargetCurrencyUnits",
                                                "datatype": "decimal",
                                                "nullable": false,
                                                "precision": 9,
                                                "scale": 0
                                            },
                                            {
                                                "id": "f8d138a5-308c-4ad0-af6e-1568f0792bdd",
                                                "name": "/1DH/OPERATION",
                                                "datatype": "string",
                                                "nullable": false,
                                                "length": 1
                                            }
                                        ]
                                    }
                                ],
                                "outputs": [
                                    {
                                        "id": "3edd2517-56a0-4692-8296-74d77020ebe9",
                                        "name": "Projection_Output1",
                                        "attributes": [
                                            {
                                                "id": "8b50bfe3-e805-4297-92ce-c13817c4c8ff",
                                                "name": "ExchangeRateType",
                                                "datatype": "string",
                                                "nullable": false,
                                                "length": 4,
                                                "expression": "\"ExchangeRateType\""
                                            },
                                            {
                                                "id": "64cb588a-08d9-4715-83f4-3dfbdf6f3bb5",
                                                "name": "SourceCurrency",
                                                "datatype": "string",
                                                "nullable": false,
                                                "length": 5,
                                                "expression": "\"SourceCurrency\""
                                            },
                                            {
                                                "id": "617aebd8-91c6-4a55-8d94-9ad4edda61d1",
                                                "name": "TargetCurrency",
                                                "datatype": "string",
                                                "nullable": false,
                                                "length": 5,
                                                "expression": "\"TargetCurrency\""
                                            },
                                            {
                                                "id": "a2ef10ba-b342-4bc9-a994-1cee2f05a2e3",
                                                "name": "ValidityStartDate",
                                                "datatype": "date",
                                                "nullable": false,
                                                "expression": "\"ValidityStartDate\""
                                            },
                                            {
                                                "id": "f8bd75d2-86c3-4dc8-a82b-88949c648f10",
                                                "name": "ExchangeRate",
                                                "datatype": "decimal",
                                                "nullable": false,
                                                "precision": 9,
                                                "scale": 5,
                                                "expression": "\"ExchangeRate\""
                                            },
                                            {
                                                "id": "0ac4ef2f-50cc-4cef-a277-e8ddcac5e7be",
                                                "name": "NumberOfSourceCurrencyUnits",
                                                "datatype": "decimal",
                                                "nullable": false,
                                                "precision": 9,
                                                "scale": 0,
                                                "expression": "\"NumberOfSourceCurrencyUnits\""
                                            },
                                            {
                                                "id": "41ffcb9f-64cc-4e7e-999d-c738a469d522",
                                                "name": "NumberOfTargetCurrencyUnits",
                                                "datatype": "decimal",
                                                "nullable": false,
                                                "precision": 9,
                                                "scale": 0,
                                                "expression": "\"NumberOfTargetCurrencyUnits\""
                                            },
                                            {
                                                "id": "ce5f3ca0-5142-4bf2-8990-348109359bd0",
                                                "name": "OPERATION",
                                                "datatype": "string",
                                                "nullable": false,
                                                "length": 1,
                                                "expression": "\"/1DH/OPERATION\""
                                            },
                                            {
                                                "id": "9246b4ba-f7cb-466e-9ac3-cb61cb3e6eaf",
                                                "name": "LAST_UPDATE_DATE",
                                                "datatype": "timestamp",
                                                "nullable": true,
                                                "expression": "CURRENT_UTCTIMESTAMP()"
                                            }
                                        ]
                                    }
                                ],
                                "UILayout": {
                                    "x": 157.99999904632568,
                                    "y": 72,
                                    "height": 80,
                                    "width": 120
                                }
                            }
                        ],
                        "tableMappings": [
                            {
                                "source": "8a428d97-fc93-41e7-af1a-c939a9a5082a",
                                "target": "b6f120e6-80c6-4c71-b10b-439635671a77",
                                "attributeMappings": [
                                    {
                                        "source": "a5557f1a-1c2b-49a8-8942-7435be45fbe0",
                                        "target": "c86d5ec2-a26d-42ba-98ee-445c5f802b3b"
                                    },
                                    {
                                        "source": "1d7ceb0f-662d-401b-bc01-51a2b61b39db",
                                        "target": "c4e07544-668b-485e-aefd-63ec923683f8"
                                    },
                                    {
                                        "source": "c4b588d3-7322-40d0-9035-b2b813281309",
                                        "target": "671e4b41-cb0f-4e03-b0fe-66fd2f3bc276"
                                    },
                                    {
                                        "source": "7dd28351-bb61-42dc-9dde-abf8f735e845",
                                        "target": "cdbfeb90-546b-447d-90c0-4d571e01bf3c"
                                    },
                                    {
                                        "source": "28c6b9de-96d5-4d6e-b2b5-1e992ab9fc3d",
                                        "target": "f5ee9d06-c746-4294-b002-177d9314f8ee"
                                    },
                                    {
                                        "source": "fb0c6426-8ed9-459c-a1d6-bb3503779cb0",
                                        "target": "3a33d7bd-938b-455a-8465-746773840d1e"
                                    },
                                    {
                                        "source": "a8ed084f-8975-4152-a2d5-6973cd829a76",
                                        "target": "8b567a7b-dfac-4ad4-a1d3-303398dcd4c0"
                                    },
                                    {
                                        "source": "8962d646-e78c-49b8-b6b7-f6be2dc0c003",
                                        "target": "f8d138a5-308c-4ad0-af6e-1568f0792bdd"
                                    }
                                ],
                                "UILayout": {
                                    "points": "92,172 125,172 125,112 157.99999904632568,112"
                                }
                            },
                            {
                                "source": "3edd2517-56a0-4692-8296-74d77020ebe9",
                                "target": "4d342fe4-332a-4379-940a-8eaefe9f66f1",
                                "attributeMappings": [
                                    {
                                        "source": "8b50bfe3-e805-4297-92ce-c13817c4c8ff",
                                        "target": "859037b8-c254-4c5b-bc9a-33253f1264a3"
                                    },
                                    {
                                        "source": "64cb588a-08d9-4715-83f4-3dfbdf6f3bb5",
                                        "target": "61fde9fa-6218-448b-b044-d3c85cd5cd0a"
                                    },
                                    {
                                        "source": "617aebd8-91c6-4a55-8d94-9ad4edda61d1",
                                        "target": "a5e40e09-774a-4aab-842c-7503508474fa"
                                    },
                                    {
                                        "source": "a2ef10ba-b342-4bc9-a994-1cee2f05a2e3",
                                        "target": "1a5e8734-a196-4943-8ca1-1223d133910e"
                                    },
                                    {
                                        "source": "f8bd75d2-86c3-4dc8-a82b-88949c648f10",
                                        "target": "0c564b88-0689-44f0-914d-d432010fc274"
                                    },
                                    {
                                        "source": "0ac4ef2f-50cc-4cef-a277-e8ddcac5e7be",
                                        "target": "e6c0842d-8537-426e-9040-430e51d20867"
                                    },
                                    {
                                        "source": "41ffcb9f-64cc-4e7e-999d-c738a469d522",
                                        "target": "a2f1f085-565a-4579-aee9-1889c6c0c3d7"
                                    },
                                    {
                                        "source": "ce5f3ca0-5142-4bf2-8990-348109359bd0",
                                        "target": "b8d31cd8-96ff-409c-b015-cf26aae80f51"
                                    },
                                    {
                                        "source": "9246b4ba-f7cb-466e-9ac3-cb61cb3e6eaf",
                                        "target": "bd96966e-07a3-40cd-a627-a00a96ec6d23"
                                    }
                                ],
                                "UILayout": {
                                    "points": "277.9999990463257,112 344,112"
                                }
                            }
                        ],
                        "invalidMappings": []
                    }
                },
                "additionalinports": [
                    {
                        "name": "input2",
                        "type": "table",
                        "vtype-ID": "$GRAPH.generated.readdatafromsapsystem1_outData"
                    }
                ],
                "additionaloutports": [
                    {
                        "name": "output",
                        "type": "table",
                        "vtype-ID": "$GRAPH.generated.datatransform1_output"
                    }
                ]
            }
        },
        "readdatafromsapsystem1": {
            "component": "com.sap.abap.reader",
            "metadata": {
                "label": "Read Data From SAP System",
                "x": 12,
                "y": 72,
                "height": 80,
                "width": 120,
                "extensible": true,
                "generation": 2,
                "isNewAPI": true,
                "config": {
                    "connectionID": "S4H_RFC",
                    "objectName": {
                        "remoteObjectReference": {
                            "connection": {
                                "id": "S4H_RFC",
                                "type": "ABAP"
                            },
                            "name": "I_EXCHANGERATERAWDATA",
                            "remoteObjectType": "VIEW.CDS",
                            "qualifiedName": "/CDS/BC/SRV/BSF/CUR/I_EXCHANGERATERAWDATA",
                            "nativeQualifiedName": "CDS.I_EXCHANGERATERAWDATA",
                            "description": "Exchange Rate Raw Data",
                            "version": {
                                "metadataLastModified": 1645013777000,
                                "metadataVersionNumber": 20220216121617
                            }
                        },
                        "schema": {
                            "genericType": "TABLE",
                            "tableBasedRepresentation": {
                                "attributes": [
                                    {
                                        "name": "ExchangeRateType",
                                        "templateType": "string",
                                        "datatype": "STRING",
                                        "length": 4,
                                        "nativeDatatype": "CHAR",
                                        "descriptions": [
                                            {
                                                "value": "Exchange Rate Type",
                                                "locale": "en",
                                                "type": "SHORT"
                                            }
                                        ],
                                        "properties": [
                                            {
                                                "namespace": "com.sap.abap",
                                                "name": "dataElement",
                                                "value": "KURST_CURR"
                                            },
                                            {
                                                "namespace": "com.sap.abap",
                                                "name": "domain",
                                                "value": "KURST"
                                            },
                                            {
                                                "namespace": "com.sap.abap",
                                                "name": "abapLength",
                                                "value": "000004"
                                            },
                                            {
                                                "namespace": "com.sap.abap",
                                                "name": "abapDecimals",
                                                "value": "000000"
                                            },
                                            {
                                                "namespace": "com.sap.abap",
                                                "name": "outputLength",
                                                "value": "000004"
                                            },
                                            {
                                                "namespace": "com.sap.abap",
                                                "name": "referenceTable"
                                            },
                                            {
                                                "namespace": "com.sap.abap",
                                                "name": "referenceField"
                                            },
                                            {
                                                "namespace": "com.sap.abap",
                                                "name": "valueTable"
                                            },
                                            {
                                                "namespace": "com.sap.abap",
                                                "name": "semanticType",
                                                "value": "STRING"
                                            },
                                            {
                                                "namespace": "com.sap.abap",
                                                "name": "abapType",
                                                "value": "CHAR"
                                            }
                                        ]
                                    },
                                    {
                                        "name": "SourceCurrency",
                                        "templateType": "string",
                                        "datatype": "STRING",
                                        "length": 5,
                                        "nativeDatatype": "CUKY",
                                        "semanticType": "CURRENCY_CODE",
                                        "descriptions": [
                                            {
                                                "value": "From currency",
                                                "locale": "en",
                                                "type": "SHORT"
                                            }
                                        ],
                                        "properties": [
                                            {
                                                "namespace": "com.sap.abap",
                                                "name": "dataElement",
                                                "value": "FCURR_CURR"
                                            },
                                            {
                                                "namespace": "com.sap.abap",
                                                "name": "domain",
                                                "value": "WAERS"
                                            },
                                            {
                                                "namespace": "com.sap.abap",
                                                "name": "abapLength",
                                                "value": "000005"
                                            },
                                            {
                                                "namespace": "com.sap.abap",
                                                "name": "abapDecimals",
                                                "value": "000000"
                                            },
                                            {
                                                "namespace": "com.sap.abap",
                                                "name": "outputLength",
                                                "value": "000005"
                                            },
                                            {
                                                "namespace": "com.sap.abap",
                                                "name": "referenceTable"
                                            },
                                            {
                                                "namespace": "com.sap.abap",
                                                "name": "referenceField"
                                            },
                                            {
                                                "namespace": "com.sap.abap",
                                                "name": "valueTable"
                                            },
                                            {
                                                "namespace": "com.sap.abap",
                                                "name": "semanticType",
                                                "value": "CURRENCY_CODE"
                                            },
                                            {
                                                "namespace": "com.sap.abap",
                                                "name": "abapType",
                                                "value": "CUKY"
                                            }
                                        ]
                                    },
                                    {
                                        "name": "TargetCurrency",
                                        "templateType": "string",
                                        "datatype": "STRING",
                                        "length": 5,
                                        "nativeDatatype": "CUKY",
                                        "semanticType": "CURRENCY_CODE",
                                        "descriptions": [
                                            {
                                                "value": "To-currency",
                                                "locale": "en",
                                                "type": "SHORT"
                                            }
                                        ],
                                        "properties": [
                                            {
                                                "namespace": "com.sap.abap",
                                                "name": "dataElement",
                                                "value": "TCURR_CURR"
                                            },
                                            {
                                                "namespace": "com.sap.abap",
                                                "name": "domain",
                                                "value": "WAERS"
                                            },
                                            {
                                                "namespace": "com.sap.abap",
                                                "name": "abapLength",
                                                "value": "000005"
                                            },
                                            {
                                                "namespace": "com.sap.abap",
                                                "name": "abapDecimals",
                                                "value": "000000"
                                            },
                                            {
                                                "namespace": "com.sap.abap",
                                                "name": "outputLength",
                                                "value": "000005"
                                            },
                                            {
                                                "namespace": "com.sap.abap",
                                                "name": "referenceTable"
                                            },
                                            {
                                                "namespace": "com.sap.abap",
                                                "name": "referenceField"
                                            },
                                            {
                                                "namespace": "com.sap.abap",
                                                "name": "valueTable"
                                            },
                                            {
                                                "namespace": "com.sap.abap",
                                                "name": "semanticType",
                                                "value": "CURRENCY_CODE"
                                            },
                                            {
                                                "namespace": "com.sap.abap",
                                                "name": "abapType",
                                                "value": "CUKY"
                                            }
                                        ]
                                    },
                                    {
                                        "name": "ValidityStartDate",
                                        "templateType": "date",
                                        "datatype": "DATE",
                                        "nativeDatatype": "DATS",
                                        "descriptions": [
                                            {
                                                "locale": "en",
                                                "type": "SHORT"
                                            }
                                        ],
                                        "properties": [
                                            {
                                                "namespace": "com.sap.abap",
                                                "name": "dataElement"
                                            },
                                            {
                                                "namespace": "com.sap.abap",
                                                "name": "domain"
                                            },
                                            {
                                                "namespace": "com.sap.abap",
                                                "name": "abapLength",
                                                "value": "000008"
                                            },
                                            {
                                                "namespace": "com.sap.abap",
                                                "name": "abapDecimals",
                                                "value": "000000"
                                            },
                                            {
                                                "namespace": "com.sap.abap",
                                                "name": "outputLength",
                                                "value": "000010"
                                            },
                                            {
                                                "namespace": "com.sap.abap",
                                                "name": "referenceTable"
                                            },
                                            {
                                                "namespace": "com.sap.abap",
                                                "name": "referenceField"
                                            },
                                            {
                                                "namespace": "com.sap.abap",
                                                "name": "valueTable"
                                            },
                                            {
                                                "namespace": "com.sap.abap",
                                                "name": "semanticType",
                                                "value": "DATE"
                                            },
                                            {
                                                "namespace": "com.sap.abap",
                                                "name": "abapType",
                                                "value": "DATS"
                                            }
                                        ]
                                    },
                                    {
                                        "name": "ExchangeRate",
                                        "templateType": "decimal",
                                        "datatype": "DECIMAL",
                                        "precision": 9,
                                        "scale": 5,
                                        "nativeDatatype": "DEC",
                                        "descriptions": [
                                            {
                                                "value": "Exchange Rate",
                                                "locale": "en",
                                                "type": "SHORT"
                                            }
                                        ],
                                        "properties": [
                                            {
                                                "namespace": "com.sap.abap",
                                                "name": "dataElement",
                                                "value": "UKURS_CURR"
                                            },
                                            {
                                                "namespace": "com.sap.abap",
                                                "name": "domain",
                                                "value": "UKURS"
                                            },
                                            {
                                                "namespace": "com.sap.abap",
                                                "name": "abapLength",
                                                "value": "000009"
                                            },
                                            {
                                                "namespace": "com.sap.abap",
                                                "name": "abapDecimals",
                                                "value": "000005"
                                            },
                                            {
                                                "namespace": "com.sap.abap",
                                                "name": "outputLength",
                                                "value": "000012"
                                            },
                                            {
                                                "namespace": "com.sap.abap",
                                                "name": "referenceTable"
                                            },
                                            {
                                                "namespace": "com.sap.abap",
                                                "name": "referenceField"
                                            },
                                            {
                                                "namespace": "com.sap.abap",
                                                "name": "valueTable"
                                            },
                                            {
                                                "namespace": "com.sap.abap",
                                                "name": "semanticType",
                                                "value": "NUMBER"
                                            },
                                            {
                                                "namespace": "com.sap.abap",
                                                "name": "abapType",
                                                "value": "DEC"
                                            }
                                        ]
                                    },
                                    {
                                        "name": "NumberOfSourceCurrencyUnits",
                                        "templateType": "decimal",
                                        "datatype": "DECIMAL",
                                        "precision": 9,
                                        "scale": 0,
                                        "nativeDatatype": "DEC",
                                        "descriptions": [
                                            {
                                                "value": "Ratio for the \"from\" currency units",
                                                "locale": "en",
                                                "type": "SHORT"
                                            }
                                        ],
                                        "properties": [
                                            {
                                                "namespace": "com.sap.abap",
                                                "name": "dataElement",
                                                "value": "FFACT_CURR"
                                            },
                                            {
                                                "namespace": "com.sap.abap",
                                                "name": "domain",
                                                "value": "DEC9"
                                            },
                                            {
                                                "namespace": "com.sap.abap",
                                                "name": "abapLength",
                                                "value": "000009"
                                            },
                                            {
                                                "namespace": "com.sap.abap",
                                                "name": "abapDecimals",
                                                "value": "000000"
                                            },
                                            {
                                                "namespace": "com.sap.abap",
                                                "name": "outputLength",
                                                "value": "000011"
                                            },
                                            {
                                                "namespace": "com.sap.abap",
                                                "name": "referenceTable"
                                            },
                                            {
                                                "namespace": "com.sap.abap",
                                                "name": "referenceField"
                                            },
                                            {
                                                "namespace": "com.sap.abap",
                                                "name": "valueTable"
                                            },
                                            {
                                                "namespace": "com.sap.abap",
                                                "name": "semanticType",
                                                "value": "NUMBER"
                                            },
                                            {
                                                "namespace": "com.sap.abap",
                                                "name": "abapType",
                                                "value": "DEC"
                                            }
                                        ]
                                    },
                                    {
                                        "name": "NumberOfTargetCurrencyUnits",
                                        "templateType": "decimal",
                                        "datatype": "DECIMAL",
                                        "precision": 9,
                                        "scale": 0,
                                        "nativeDatatype": "DEC",
                                        "descriptions": [
                                            {
                                                "value": "Ratio for the \"to\" currency units",
                                                "locale": "en",
                                                "type": "SHORT"
                                            }
                                        ],
                                        "properties": [
                                            {
                                                "namespace": "com.sap.abap",
                                                "name": "dataElement",
                                                "value": "TFACT_CURR"
                                            },
                                            {
                                                "namespace": "com.sap.abap",
                                                "name": "domain",
                                                "value": "DEC9"
                                            },
                                            {
                                                "namespace": "com.sap.abap",
                                                "name": "abapLength",
                                                "value": "000009"
                                            },
                                            {
                                                "namespace": "com.sap.abap",
                                                "name": "abapDecimals",
                                                "value": "000000"
                                            },
                                            {
                                                "namespace": "com.sap.abap",
                                                "name": "outputLength",
                                                "value": "000011"
                                            },
                                            {
                                                "namespace": "com.sap.abap",
                                                "name": "referenceTable"
                                            },
                                            {
                                                "namespace": "com.sap.abap",
                                                "name": "referenceField"
                                            },
                                            {
                                                "namespace": "com.sap.abap",
                                                "name": "valueTable"
                                            },
                                            {
                                                "namespace": "com.sap.abap",
                                                "name": "semanticType",
                                                "value": "NUMBER"
                                            },
                                            {
                                                "namespace": "com.sap.abap",
                                                "name": "abapType",
                                                "value": "DEC"
                                            }
                                        ]
                                    },
                                    {
                                        "name": "/1DH/OPERATION",
                                        "templateType": "string",
                                        "datatype": "STRING",
                                        "length": 1,
                                        "nativeDatatype": "CHAR",
                                        "descriptions": [
                                            {
                                                "value": "Change mode",
                                                "locale": "en",
                                                "type": "SHORT"
                                            }
                                        ],
                                        "properties": [
                                            {
                                                "namespace": "com.sap.abap",
                                                "name": "dataElement",
                                                "value": "CHAR1"
                                            },
                                            {
                                                "namespace": "com.sap.abap",
                                                "name": "domain",
                                                "value": "CHAR1"
                                            },
                                            {
                                                "namespace": "com.sap.abap",
                                                "name": "abapLength",
                                                "value": "000001"
                                            },
                                            {
                                                "namespace": "com.sap.abap",
                                                "name": "abapDecimals",
                                                "value": "0 "
                                            },
                                            {
                                                "namespace": "com.sap.abap",
                                                "name": "outputLength",
                                                "value": "000001"
                                            },
                                            {
                                                "namespace": "com.sap.abap",
                                                "name": "referenceTable"
                                            },
                                            {
                                                "namespace": "com.sap.abap",
                                                "name": "referenceField"
                                            },
                                            {
                                                "namespace": "com.sap.abap",
                                                "name": "valueTable"
                                            },
                                            {
                                                "namespace": "com.sap.abap",
                                                "name": "semanticType",
                                                "value": "_change_mode"
                                            },
                                            {
                                                "namespace": "com.sap.abap",
                                                "name": "abapType",
                                                "value": "CHAR"
                                            },
                                            {
                                                "namespace": "com.sap.abap",
                                                "name": "filterNotAllowed",
                                                "value": "true"
                                            },
                                            {
                                                "namespace": "com.sap.abap",
                                                "name": "vflow_scalar_type",
                                                "value": "com.sap.headers.cdc.mode"
                                            }
                                        ]
                                    }
                                ],
                                "uniqueKeys": [
                                    {
                                        "attributeReferences": [
                                            "ExchangeRateType",
                                            "SourceCurrency",
                                            "TargetCurrency",
                                            "ValidityStartDate"
                                        ]
                                    }
                                ]
                            }
                        },
                        "descriptions": [
                            {
                                "value": "Exchange Rate Raw Data",
                                "locale": "en",
                                "type": "SHORT"
                            }
                        ],
                        "properties": [
                            {
                                "namespace": "com.sap.abap",
                                "name": "applicationComponent",
                                "value": "BC-SRV-BSF-CUR",
                                "valueDescription": "Currency Conversion/Expiring Currency"
                            },
                            {
                                "namespace": "com.sap.abap",
                                "name": "softwareComponent",
                                "value": "SAP_BASIS"
                            },
                            {
                                "namespace": "com.sap.abap",
                                "name": "lastchange",
                                "value": "20220216121617"
                            },
                            {
                                "namespace": "com.sap.abap",
                                "name": "package",
                                "value": "SFIB",
                                "valueDescription": "Financials: Components in Basis"
                            },
                            {
                                "namespace": "com.sap.abap",
                                "name": "tenantSpecific",
                                "value": "X"
                            },
                            {
                                "namespace": "com.sap.abap",
                                "name": "profileable",
                                "value": "X"
                            },
                            {
                                "namespace": "com.sap.abap.cds",
                                "name": "cdsType",
                                "value": "C1"
                            },
                            {
                                "namespace": "com.sap.abap",
                                "name": "isDeltaEnabled"
                            },
                            {
                                "namespace": "com.sap.abap",
                                "name": "isExtractionEnabled",
                                "value": "X"
                            }
                        ],
                        "capabilityProperties": [
                            {
                                "name": "readOnly",
                                "value": "true"
                            }
                        ]
                    },
                    "operatorID": "com.sap.abap.reader",
                    "transferMode": "Initial Load"
                },
                "additionaloutports": [
                    {
                        "name": "outData",
                        "type": "table",
                        "vtype-ID": "$GRAPH.generated.readdatafromsapsystem1_outData"
                    }
                ]
            }
        },
        "terminal1": {
            "component": "com.sap.util.terminal.v2",
            "metadata": {
                "label": "Terminal",
                "x": 646.999997138977,
                "y": 12,
                "height": 80,
                "width": 120,
                "generation": 2,
                "isNewAPI": true,
                "ui": "dynpath",
                "config": {}
            }
        },
        "graphterminator1": {
            "component": "com.sap.util.graphTerminator.v2",
            "metadata": {
                "label": "Graph Terminator",
                "x": 631,
                "y": 151,
                "height": 80,
                "width": 120,
                "generation": 2,
                "isNewAPI": true,
                "config": {
                    "onLastBatch": true
                }
            }
        }
    },
    "groups": [
        {
            "name": "group4",
            "nodes": [
                "snowflakegen21"
            ],
            "metadata": {
                "description": "Group"
            },
            "tags": {
                "Snwflk Gen2": ""
            },
            "multiplicity": 1,
            "resources": {}
        }
    ],
    "connections": [
        {
            "metadata": {
                "points": "509.9999990463257,111 537.9999985694885,111 537.9999985694885,114.5 613.9999976158142,114.5 613.9999976158142,52 641.999997138977,52"
            },
            "src": {
                "port": "log",
                "process": "snowflakegen21"
            },
            "tgt": {
                "port": "in",
                "process": "terminal1"
            }
        },
        {
            "metadata": {
                "points": "136,112 176,112"
            },
            "src": {
                "port": "outData",
                "process": "readdatafromsapsystem1"
            },
            "tgt": {
                "port": "input2",
                "process": "datatransform1"
            }
        },
        {
            "metadata": {
                "points": "305,112 332.99999952316284,112 332.99999952316284,120 380.9999990463257,120"
            },
            "src": {
                "port": "output",
                "process": "datatransform1"
            },
            "tgt": {
                "port": "input1",
                "process": "snowflakegen21"
            }
        },
        {
            "metadata": {
                "points": "509.9999990463257,129 568,129 568,191 626,191"
            },
            "src": {
                "port": "log2",
                "process": "snowflakegen21"
            },
            "tgt": {
                "port": "in",
                "process": "graphterminator1"
            }
        }
    ],
    "inports": {},
    "outports": {},
    "metadata": {
        "generation": 2
    }
}