{
    "properties": {},
    "icon": "database",
    "iconsrc": "Database",
    "description": "",
    "processes": {
        "python3operator1": {
            "component": "com.sap.system.python3Operator",
            "metadata": {
                "label": "Snowflake Operator",
                "x": 277.99999809265137,
                "y": 80,
                "height": 80,
                "width": 120,
                "extensible": true,
                "filesRequired": [
                    "script.py"
                ],
                "generation": 1,
                "config": {
                    "script": "import pandas as pd\nimport snowflake.connector\nfrom snowflake.sqlalchemy import URL\nfrom sqlalchemy import create_engine\nfrom io import StringIO\nimport csv\nimport pandas as pd\nimport json\nfrom numpy import nan\nimport time\n\na='no'\napi.send('output','started')\ndef on_input(inData):\n    \n    a='Yes'\n    api.send('output','connecting snowflake')\n    # Establishing connection with Snowflake\n    engine = create_engine(URL(\n    account = 'Kraft.east-us-2.privatelink',\n    user = 'khc_sapdi_conn_user_dev',\n    password = '9xXC=lS_3/_^4}v6',\n    warehouse = 'dev_cloud_analytics_platform',\n    database = 'DBS_GENERIC_NONSECURE_SBX',\n    schema = 'ingestion',\n    role='dev_khc_sapdi',\n    ))\n    connection = engine.connect()\n    # read body\n    data = StringIO(inData.body)\n\n    # read attributes\n    var = json.dumps(inData.attributes)\n    result = json.loads(var)\n    api.send('output', str(result))\n    a= 'Yes'\n    return\n    # from here we start json parsing\n    ABAP = result['ABAP']\n    Fields = ABAP['Fields']\n\n    # creating an empty list for headers\n    columns = []\n    for item in Fields:\n        columns.append(item['Name'])  \n\n    # data mapping using headers & saving into pandas dataframe\n    df = pd.read_csv(data, index_col = False, names = columns)\n    #df=df.drop(['/1DH/CDS_VIEW', '/1DH/OPERATION'], axis=1)\n    df.rename(columns = {'/1DH/CDS_VIEW':'CDS_VIEW','/1DH/OPERATION':'OPERATION'}, inplace = True)\n    df['OPERATION'] = df['OPERATION'].astype(str)\n    df.insert(0, 'TIMESTAMP', pd.to_datetime('now').replace(microsecond=0))\n    df['TIMESTAMP'] = df['TIMESTAMP'].dt.tz_localize('UTC')\n    temp_cols=df.columns.tolist()\n    new_cols=temp_cols[1:] + temp_cols[0:1]\n      \n    df=df[new_cols]\n    #df['INTERESTCALCULATIONDATE'] = df['INTERESTCALCULATIONDATE'].replace(['9999-99-99'],nan)\n    #df['SUPPLIERCERTIFICATIONDATE'] = df['SUPPLIERCERTIFICATIONDATE'].replace(['9999-99-99'],nan)\n    #df['LASTINTERESTCALCRUNDATE'] = df['LASTINTERESTCALCRUNDATE'].replace(['9999-99-99'],nan)\n    # here you can prepare your data,\n    # e.g. columns selection or records filtering\n\n    df_csv = df.to_csv(index = False, header = True)\n    api.send('output', df_csv)\n    table='ZB_LE_MATERIALDOCUMENTRECORD_F'\n    \n    api.send('output',table)\n    #Loading data into snowflake table\n    df.to_sql(table, con=engine, if_exists = 'append',index=False)\n    \n    api.send('output','Load completed')\ncnt=0 \n\n\"\"\"\nwhile cnt<=3:\n    cnt=cnt+1\n    x=api.set_port_callback(['Input1'], on_input)\n    api.send('output',x)\n    if a=='Yes':\n        \n        api.send('output','running')\n        cnt=0\n    else:\n        api.send('output','stop')\n\n        time.sleep(10)\n        api.send('output',cnt)\n \"\"\"  \napi.set_port_callback(['Input1'],on_input)\n\n    \n    \n"
                },
                "additionalinports": [
                    {
                        "name": "Input1",
                        "type": "message"
                    },
                    {
                        "name": "Input2",
                        "type": "string"
                    }
                ],
                "additionaloutports": [
                    {
                        "name": "output",
                        "type": "message"
                    }
                ]
            }
        },
        "wiretap1": {
            "component": "com.sap.util.wiretap",
            "metadata": {
                "label": "Wiretap",
                "x": 482.99999713897705,
                "y": 72,
                "height": 80,
                "width": 120,
                "generation": 1,
                "ui": "dynpath",
                "config": {}
            }
        },
        "sapabapoperator1": {
            "component": "com.sap.abap.sap",
            "metadata": {
                "label": "ABAP CDS Reader V2",
                "x": 9,
                "y": 28,
                "height": 80,
                "width": 120,
                "extensible": true,
                "generation": 1,
                "config": {
                    "connectionID": "S4H_ANZ",
                    "operatorID": "com.sap.abap.cds.reader.v2",
                    "subscriptionType": "New",
                    "action": "Initial Load",
                    "wireformat": "Enhanced Format Conversions",
                    "chunkSize": 0,
                    "subscriptionName": "ZB_LE_MATERIALDOCUMENTRECORD_F_1209_2",
                    "cdsname": "ZB_LE_MATERIALDOCUMENTRECORD_F"
                },
                "additionaloutports": [
                    {
                        "name": "outMessageData",
                        "type": "message"
                    }
                ]
            }
        }
    },
    "groups": [
        {
            "name": "group1",
            "nodes": [
                "python3operator1"
            ],
            "metadata": {
                "description": "Group"
            },
            "tags": {
                "sqlalchemy": ""
            }
        }
    ],
    "connections": [
        {
            "metadata": {
                "points": "401.99999809265137,120 449.9999976158142,120 449.9999976158142,112 477.99999713897705,112"
            },
            "src": {
                "port": "output",
                "process": "python3operator1"
            },
            "tgt": {
                "port": "in",
                "process": "wiretap1"
            }
        },
        {
            "metadata": {
                "points": "133,68 203,68 203,111 272.99999809265137,111"
            },
            "src": {
                "port": "outMessageData",
                "process": "sapabapoperator1"
            },
            "tgt": {
                "port": "Input1",
                "process": "python3operator1"
            }
        }
    ],
    "inports": {},
    "outports": {},
    "metadata": {
        "generation": 1
    }
}