{
    "properties": {},
    "description": "DI_ANZ_PIPELINE_DELTA",
    "processes": {
        "snowflake1": {
            "component": "Snowflake",
            "metadata": {
                "label": "Snowflake",
                "x": 216.99999904632568,
                "y": 80,
                "height": 80,
                "width": 120,
                "extensible": true,
                "filesRequired": [
                    "script.py"
                ],
                "generation": 1,
                "config": {
                    "Snowflake_Table_Name": "${Snowflake_Table}",
                    "script": "#---------- Project - ANZ GOLDILOCKS----------#\n# Source System - S4 Hana\n# Target Systen - Snowflake Database\n# Prequisite - Install snowflake-connector-python[pandas]\n# Python Code Version = 0.1\n# Developer - Ankit Sharma\n# Modifiy Date - 02-Jun-2022\n# Enviornment - SAP DI Sandbox\n#---------------------------------------------#\n\nimport pandas as pd\nimport snowflake.connector\nfrom snowflake.connector.pandas_tools import write_pandas\nfrom io import StringIO\nimport csv\nimport json\nfrom numpy import nan\nimport time\ncounter = 0\napi.send('output','connection started')\nconn_sf = snowflake.connector.connect(\naccount = api.config.Account,\nuser = api.config.Username,\nwarehouse = api.config.Warehouse,\npassword = api.config.Password,\ndatabase = api.config.Database,\nschema = api.config.Schema)\ncur = conn_sf.cursor()\n\ncur.execute(\"update  DI_CONTROL_TBL set STATUS ='FAIL' WHERE CDS_VIEW='I_CUSTOMER'\")\n\n\ndef on_input(inData):\n    global counter\n    counter += 1\n        # Establishing connection with Snowflake\n    conn_sf = snowflake.connector.connect(\n    account = api.config.Account,\n    user = api.config.Username,\n    warehouse = api.config.Warehouse,\n    password = api.config.Password,\n    database = api.config.Database,\n    schema = api.config.Schema)\n    cur = conn_sf.cursor()\n    cur.execute(\"update  DI_CONTROL_TBL set STATUS ='SUCCESS' WHERE CDS_VIEW='I_CUSTOMER'\")\n\n\n    # read body\n    data = StringIO(inData.body)\n\n    # read attributes\n    var = json.dumps(inData.attributes)\n    result = json.loads(var)\n    api.send('output','Parsing started')\n    # from here we start json parsing\n    if result['message.lastBatch']==False:\n        \n        ABAP = result['ABAP']\n        Fields = ABAP['Fields']\n    \n        # creating an empty list for headers\n        columns = []\n        for item in Fields:\n            columns.append(item['Name'])  \n    \n        # data mapping using headers & saving into pandas dataframe\n        df = pd.read_csv(data, index_col = False, names = columns,dtype=str)\n        #df['PROOFOFDELIVERYTIME'] = df['PROOFOFDELIVERYTIME'].replace(['99:99:99.999'],nan)\n        #df = pd.read_csv(data, index_col = False)\n        #df = pd.read_json(data)\n        #api.send('output',df.to_csv)\n        #df=df.drop(['/1DH/CDS_VIEW', '/1DH/OPERATION'], axis=1)\n        #df.rename(columns = {'/1DH/CDS_VIEW':'CDS_VIEW','/1DH/OPERATION':'OPERATION'}, inplace = True)\n        df.rename(columns = {'/1DH/OPERATION':'OPERATION'}, inplace = True)\n        df.insert(0, 'TimeStamp', pd.to_datetime('now').replace(microsecond=0))\n        df['TimeStamp'] = df['TimeStamp'].dt.tz_localize('UTC')\n        temp_cols=df.columns.tolist()\n        new_cols=temp_cols[1:] + temp_cols[0:1]\n\n        df=df[new_cols]\n    \n        # here you can prepare your data,\n        # e.g. columns selection or records filtering\n    \n        df_csv = df.to_csv(index = False, header = True)\n        api.send('output',df_csv)\n        #table=api.config.Snowflake_Table_Name\n        \n        #Loading data into snowflake table\n        api.send('output','Load started')\n    \n        #To load data into Snowflake DB using write_pandas function\n    \n        \n        #with conn_sf as db_conn_sf, db_conn_sf.cursor() as db_cursor_sf:\n            #inserted_rows = write_pandas(conn = db_conn_sf, df = df,table_name = table, quote_identifiers = False)\n            \n        \n                                     \n        #api.send('output',str(inserted_rows))\n        \n    else:\n        api.send('output','No incoming data')\n            \n    if result['message.lastBatch']==True :\n        api.send('stop','Stop graph')\n    else:\n        api.send('output','Load completed')\n        \n    \n\napi.set_port_callback('input1', on_input)\ncur.execute(\"select COUNT(*) from DI_CONTROL_TBL where CDS_VIEW='I_CUSTOMER' AND STATUS ='SUCCESS'\")\n\nfor cursor in cur:\n    for row in cursor:\n         a=row\napi.send('output',a)\n        \n\nif a==0:\n    time.sleep(60)\n    api.send('output',str(api.set_port_callback('input1', on_input)))\n    \n\n\n    \ndef shutdown1():\n    \n    print(\"shutdown1: %d\" % counter)\n\ndef shutdown2():\n    \n    print(\"shutdown2: %d\" % counter)\n\napi.add_shutdown_handler(shutdown1)\napi.add_shutdown_handler(shutdown2)\n\n    \n\n     \n    \n    \n   \n    \n",
                    "Account": "Kraft.east-us-2.privatelink",
                    "Username": "khc_sapdi_conn_user_dev",
                    "Password": "9xXC=lS_3/_^4}v6",
                    "Database": "DBS_GENERIC_NONSECURE_SBX",
                    "Schema": "INGESTION",
                    "Warehouse": "dev_cloud_analytics_platform",
                    "Role": "dev_khc_sapdi"
                },
                "additionaloutports": [
                    {
                        "name": "stop",
                        "type": "message"
                    }
                ]
            }
        },
        "terminal2": {
            "component": "com.sap.util.terminal",
            "metadata": {
                "label": "Terminal",
                "x": 595.9999961853027,
                "y": 23,
                "height": 80,
                "width": 120,
                "generation": 1,
                "ui": "dynpath",
                "config": {}
            }
        },
        "tostringconverter2": {
            "component": "com.sap.util.toStringConverter",
            "metadata": {
                "label": "ToString Converter",
                "x": 477.99999713897705,
                "y": 42,
                "height": 50,
                "width": 50,
                "generation": 1,
                "config": {}
            }
        },
        "sapabapoperator1": {
            "component": "com.sap.abap.sap",
            "metadata": {
                "label": "ABAP CDS Reader V2",
                "x": -19,
                "y": 66,
                "height": 80,
                "width": 120,
                "extensible": true,
                "generation": 1,
                "config": {
                    "connectionID": "S4H_RFC",
                    "operatorID": "com.sap.abap.cds.reader.v2",
                    "subscriptionType": "New",
                    "action": "Initial Load",
                    "wireformat": "Required Conversions Plus Currency",
                    "cdsname": "ZI_MATERIAL",
                    "subscriptionName": "ZI_MATERIAL_0738"
                },
                "additionaloutports": [
                    {
                        "name": "outMessageData",
                        "type": "message"
                    }
                ]
            }
        },
        "python3operator1": {
            "component": "com.sap.system.python3Operator",
            "metadata": {
                "label": "Python3 Operator",
                "x": 446,
                "y": 156,
                "height": 80,
                "width": 120,
                "extensible": true,
                "filesRequired": [
                    "script.py"
                ],
                "generation": 1,
                "config": {}
            }
        }
    },
    "groups": [
        {
            "name": "group1",
            "nodes": [
                "snowflake1"
            ],
            "metadata": {
                "description": "Group"
            },
            "tags": {
                "snwflk": ""
            }
        }
    ],
    "connections": [
        {
            "metadata": {
                "points": "340.9999990463257,111 368.9999985694885,111 368.9999985694885,114.5 444.9999976158142,114.5 444.9999976158142,76 472.99999713897705,76"
            },
            "src": {
                "port": "output",
                "process": "snowflake1"
            },
            "tgt": {
                "port": "inmessage",
                "process": "tostringconverter2"
            }
        },
        {
            "metadata": {
                "points": "531.999997138977,67 561.5,67 561.5,63 590.9999961853027,63"
            },
            "src": {
                "port": "outstring",
                "process": "tostringconverter2"
            },
            "tgt": {
                "port": "in1",
                "process": "terminal2"
            }
        },
        {
            "metadata": {
                "points": "105,106 158.5,106 158.5,120 211.99999904632568,120"
            },
            "src": {
                "port": "outMessageData",
                "process": "sapabapoperator1"
            },
            "tgt": {
                "port": "input1",
                "process": "snowflake1"
            }
        }
    ],
    "inports": {},
    "outports": {},
    "metadata": {
        "generation": 1
    }
}