{
    "properties": {},
    "description": "ANZ_DI_Graph_Execution",
    "processes": {
        "vflowpipeline1": {
            "component": "VflowPipeline",
            "metadata": {
                "label": "Dim Pipelines(Full)",
                "x": 12,
                "y": 72,
                "height": 80,
                "width": 120,
                "extensible": true,
                "filesRequired": [
                    "script.py"
                ],
                "generation": 1,
                "config": {
                    "script": "import requests\r\nimport json\r\n\r\nurl = \"https://apacdidev.mykft.net/app/pipeline-modeler/service/v1/runtime/graphs\"\r\n\r\npayload = json.dumps({\r\n  \"src\": \"ANZ_S4H_I_VALUATIONAREA\",\r\n  \"name\": \"ANZ_S4H_I_VALUATIONAREA\",\r\n  \"executionType\": \"flow\",\r\n  \"handle\": \"aadadad\",\r\n  \"configurationSubstitutions\": {},\r\n  \"snapshotConfig\": {\r\n    \"enabled\": True,\r\n    \"periodSeconds\": 0\r\n  }\r\n})\r\nheaders = {\r\n  'X-Requested-With': 'XMLHttpRequest',\r\n  'Authorization': 'Basic ZGFkYXBwMDAxXGd3cjA0NTk6U3VtbWVyQDIwMjM=',\r\n  'Content-Type': 'application/json'\r\n}\r\n\r\nresponse = requests.request(\"POST\", url, headers=headers, data=payload,verify=False)\r\n\r\napi.send('output',str(response.text))\r\n"
                },
                "additionaloutports": [
                    {
                        "name": "output",
                        "type": "string"
                    },
                    {
                        "name": "Output2",
                        "type": "string"
                    }
                ]
            }
        },
        "12multiplexer1": {
            "component": "com.sap.system.multiplexer.1-2",
            "metadata": {
                "label": "1:2 Multiplexer",
                "x": 365.9999990463257,
                "y": 12,
                "height": 80,
                "width": 120,
                "extensible": true,
                "generation": 1,
                "config": {}
            }
        },
        "python3operator1": {
            "component": "com.sap.system.python3Operator",
            "metadata": {
                "label": "Raise Exception",
                "x": 196.99999904632568,
                "y": 132,
                "height": 80,
                "width": 120,
                "extensible": true,
                "filesRequired": [
                    "script.py"
                ],
                "generation": 1,
                "config": {},
                "additionalinports": [
                    {
                        "name": "input1",
                        "type": "any.*"
                    }
                ],
                "additionaloutports": [
                    {
                        "name": "output",
                        "type": "string"
                    }
                ]
            }
        },
        "vflowpipeline2": {
            "component": "VflowPipeline",
            "metadata": {
                "label": "Text Pipelines(Full)",
                "x": 550.9999980926514,
                "y": 12,
                "height": 80,
                "width": 120,
                "extensible": true,
                "filesRequired": [
                    "script.py"
                ],
                "generation": 1,
                "config": {
                    "script": "import requests\r\nimport json\r\n\r\nurl = \"https://apacdidev.mykft.net/app/pipeline-modeler/service/v1/runtime/graphs\"\r\n\r\npayload = json.dumps({\r\n  \"src\": \"ANZ_S4H_I_DIVISIONTEXT\",\r\n  \"name\": \"ANZ_S4H_I_DIVISIONTEXT\",\r\n  \"executionType\": \"flow\",\r\n  \"handle\": \"aadadad\",\r\n  \"configurationSubstitutions\": {},\r\n  \"snapshotConfig\": {\r\n    \"enabled\": True,\r\n    \"periodSeconds\": 0\r\n  }\r\n})\r\nheaders = {\r\n  'X-Requested-With': 'XMLHttpRequest',\r\n  'Authorization': 'Basic ZGFkYXBwMDAxXGd3cjA0NTk6U3VtbWVyQDIwMjM=',\r\n  'Content-Type': 'application/json'\r\n}\r\n\r\nresponse = requests.request(\"POST\", url, headers=headers, data=payload,verify=False)\r\n\r\nprint(response.text)\r\n"
                },
                "additionalinports": [
                    {
                        "name": "input2",
                        "type": "any.*"
                    }
                ],
                "additionaloutports": [
                    {
                        "name": "output",
                        "type": "string"
                    },
                    {
                        "name": "output2",
                        "type": "string"
                    }
                ]
            }
        },
        "python3operator11": {
            "component": "com.sap.system.python3Operator",
            "metadata": {
                "label": "Raise Exception",
                "x": 735.999997138977,
                "y": 132,
                "height": 80,
                "width": 120,
                "extensible": true,
                "filesRequired": [
                    "script.py"
                ],
                "generation": 1,
                "config": {},
                "additionalinports": [
                    {
                        "name": "input1",
                        "type": "any.*"
                    }
                ],
                "additionaloutports": [
                    {
                        "name": "output",
                        "type": "string"
                    }
                ]
            },
            "name": "python3operator1"
        },
        "graphterminator1": {
            "component": "com.sap.util.graphTerminator",
            "metadata": {
                "label": "Graph Terminator",
                "x": 550.9999980926514,
                "y": 132,
                "height": 80,
                "width": 120,
                "generation": 1,
                "config": {}
            }
        },
        "terminal1": {
            "component": "com.sap.util.terminal",
            "metadata": {
                "label": "Terminal",
                "x": 196.99999904632568,
                "y": 12,
                "height": 80,
                "width": 120,
                "generation": 1,
                "ui": "dynpath",
                "config": {}
            }
        },
        "terminal2": {
            "component": "com.sap.util.terminal",
            "metadata": {
                "label": "Terminal",
                "x": 365.9999990463257,
                "y": 132,
                "height": 80,
                "width": 120,
                "generation": 1,
                "ui": "dynpath",
                "config": {}
            }
        },
        "terminal3": {
            "component": "com.sap.util.terminal",
            "metadata": {
                "label": "Terminal",
                "x": 735.999997138977,
                "y": 12,
                "height": 80,
                "width": 120,
                "generation": 1,
                "ui": "dynpath",
                "config": {}
            }
        },
        "graphterminator2": {
            "component": "com.sap.util.graphTerminator",
            "metadata": {
                "label": "Graph Terminator",
                "x": 904.999997138977,
                "y": 12,
                "height": 80,
                "width": 120,
                "generation": 1,
                "config": {}
            }
        },
        "graphterminator3": {
            "component": "com.sap.util.graphTerminator",
            "metadata": {
                "label": "Graph Terminator",
                "x": 1089.9999961853027,
                "y": 72,
                "height": 80,
                "width": 120,
                "generation": 1,
                "config": {}
            }
        },
        "terminal4": {
            "component": "com.sap.util.terminal",
            "metadata": {
                "label": "Terminal",
                "x": 904.999997138977,
                "y": 132,
                "height": 80,
                "width": 120,
                "generation": 1,
                "ui": "dynpath",
                "config": {}
            }
        }
    },
    "groups": [],
    "connections": [
        {
            "metadata": {
                "points": "489.9999990463257,61 517.9999985694885,61 517.9999985694885,52 545.9999980926514,52"
            },
            "src": {
                "port": "out2",
                "process": "12multiplexer1"
            },
            "tgt": {
                "port": "input2",
                "process": "vflowpipeline2"
            }
        },
        {
            "metadata": {
                "points": "136,103 163.99999952316284,103 163.99999952316284,52 191.99999904632568,52"
            },
            "src": {
                "port": "output",
                "process": "vflowpipeline1"
            },
            "tgt": {
                "port": "in1",
                "process": "terminal1"
            }
        },
        {
            "metadata": {
                "points": "320.9999990463257,52 360.9999990463257,52"
            },
            "src": {
                "port": "out1",
                "process": "terminal1"
            },
            "tgt": {
                "port": "in1",
                "process": "12multiplexer1"
            }
        },
        {
            "metadata": {
                "points": "320.9999990463257,172 360.9999990463257,172"
            },
            "src": {
                "port": "output",
                "process": "python3operator1"
            },
            "tgt": {
                "port": "in1",
                "process": "terminal2"
            }
        },
        {
            "metadata": {
                "points": "489.9999990463257,172 545.9999980926514,172"
            },
            "src": {
                "port": "out1",
                "process": "terminal2"
            },
            "tgt": {
                "port": "stop",
                "process": "graphterminator1"
            }
        },
        {
            "metadata": {
                "points": "674.9999980926514,43 702.9999976158142,43 702.9999976158142,52 730.999997138977,52"
            },
            "src": {
                "port": "output",
                "process": "vflowpipeline2"
            },
            "tgt": {
                "port": "in1",
                "process": "terminal3"
            }
        },
        {
            "metadata": {
                "points": "674.9999980926514,61 702.9999976158142,61 702.9999976158142,172 730.999997138977,172"
            },
            "src": {
                "port": "output2",
                "process": "vflowpipeline2"
            },
            "tgt": {
                "port": "input1",
                "process": "python3operator11"
            }
        },
        {
            "metadata": {
                "points": "859.999997138977,52 899.999997138977,52"
            },
            "src": {
                "port": "out1",
                "process": "terminal3"
            },
            "tgt": {
                "port": "stop",
                "process": "graphterminator2"
            }
        },
        {
            "metadata": {
                "points": "859.999997138977,172 899.999997138977,172"
            },
            "src": {
                "port": "output",
                "process": "python3operator11"
            },
            "tgt": {
                "port": "in1",
                "process": "terminal4"
            }
        },
        {
            "metadata": {
                "points": "1028.999997138977,172 1056.99999666214,172 1056.99999666214,112 1084.9999961853027,112"
            },
            "src": {
                "port": "out1",
                "process": "terminal4"
            },
            "tgt": {
                "port": "stop",
                "process": "graphterminator3"
            }
        },
        {
            "metadata": {
                "points": "136,121 163.99999952316284,121 163.99999952316284,172 191.99999904632568,172"
            },
            "src": {
                "port": "Output2",
                "process": "vflowpipeline1"
            },
            "tgt": {
                "port": "input1",
                "process": "python3operator1"
            }
        }
    ],
    "inports": {},
    "outports": {},
    "metadata": {
        "generation": 1
    }
}