{
    "properties": {},
    "description": "Error_File_Load",
    "processes": {
        "snowflake1": {
            "component": "Snowflake",
            "metadata": {
                "label": "Snowflake",
                "x": 525,
                "y": 126,
                "height": 80,
                "width": 120,
                "extensible": true,
                "filesRequired": [
                    "script.py"
                ],
                "generation": 1,
                "config": {
                    "Truncate": "No",
                    "script": "import pandas as pd\nimport snowflake.connector\nimport io\nfrom io import StringIO\nimport csv\nimport pandas as pd\nimport json\nfrom snowflake.connector.pandas_tools import write_pandas\n\n\ndef on_input(inData):\n    \n    # Establishing connection with Snowflake\n    conn_sf = snowflake.connector.connect(\n    account = api.config.Account,\n    user = api.config.Username,\n    warehouse = api.config.Warehouse,\n    password = api.config.Password,\n    database = api.config.Database,\n    schema = api.config.Schema)\n    # read body\n    #data = StringIO(inData)\n    data = io.StringIO(inData.body.decode(\"utf-8\"))\n\n    # read attributes\n    #var = json.dumps(inData.attributes)\n    #result = json.loads(var)\n  \n\n    # data mapping using headers & saving into pandas dataframe\n   \n\n    # here you can prepare your data,\n    # e.g. columns selection or records filtering\n\n   \n    df = pd.read_csv(data, index_col = False,dtype=str)\n    df.columns=df.columns.str.replace('/DMBE/','')\n    df.columns=df.columns.str.replace('/SAPCEM/','')\n    df.columns=df.columns.str.replace('/SAPMP/','')\n    df.columns=df.columns.str.replace('/BEV1/','')\n    api.send('output', str(df))\n    table=api.config.Snowflake_Table_Name\n    inserted_rows = write_pandas(conn = conn_sf, df = df,table_name = table,compression=\"snappy\",parallel=90, quote_identifiers = False)\n    api.send('output',str(inserted_rows))\n    #Loading data into snowflake table\n    #df_csv.to_sql(table, con=engine, index=False,header = False)\n    \n\napi.set_port_callback(['input1'], on_input)",
                    "Snowflake_Table_Name": "RAW_S4H_APAC_ZB_PTP_PLANORDER_F",
                    "Database": "DEV_KHC_INGEST",
                    "Schema": "SAP_MASTER_DATA"
                },
                "additionalinports": [
                    {
                        "name": "input2",
                        "type": "string"
                    }
                ]
            }
        },
        "readfile1": {
            "component": "com.sap.file.read",
            "metadata": {
                "label": "Read File",
                "x": 152,
                "y": 106,
                "height": 80,
                "width": 120,
                "generation": 1,
                "config": {
                    "mode": "Once",
                    "connection": {
                        "configurationType": "System Management Files (\"/files/\")",
                        "vrepRoot": "/files/"
                    },
                    "path": "vflow/Error_ZB_MDM_PLANORDER_D.csv_2022_10_25-05:08:41"
                }
            }
        },
        "fromfile11": {
            "component": "com.sap.file.fromFile",
            "metadata": {
                "label": "From File",
                "x": 343.9999990463257,
                "y": 116,
                "height": 50,
                "width": 50,
                "config": {}
            },
            "name": "fromfile1"
        },
        "wiretap1": {
            "component": "com.sap.util.wiretap",
            "metadata": {
                "label": "Wiretap",
                "x": 776,
                "y": 155,
                "height": 80,
                "width": 120,
                "generation": 1,
                "ui": "dynpath",
                "config": {}
            }
        }
    },
    "groups": [
        {
            "name": "group1",
            "nodes": [
                "snowflake1"
            ],
            "metadata": {
                "description": "Group"
            },
            "tags": {
                "Snwflk Gen1": ""
            }
        }
    ],
    "connections": [
        {
            "metadata": {
                "points": "276,137 307.5,137 307.5,141 338.9999990463257,141"
            },
            "src": {
                "port": "file",
                "process": "readfile1"
            },
            "tgt": {
                "port": "file",
                "process": "fromfile11"
            }
        },
        {
            "metadata": {
                "points": "649,166 710,166 710,195 771,195"
            },
            "src": {
                "port": "output",
                "process": "snowflake1"
            },
            "tgt": {
                "port": "in",
                "process": "wiretap1"
            }
        },
        {
            "metadata": {
                "points": "397.9999990463257,150 459,150 459,157 520,157"
            },
            "src": {
                "port": "message",
                "process": "fromfile11"
            },
            "tgt": {
                "port": "input1",
                "process": "snowflake1"
            }
        }
    ],
    "inports": {},
    "outports": {},
    "metadata": {
        "generation": 1
    }
}