{
    "iconsrc": "",
    "properties": {},
    "snapshotConfig": {
        "enabled": true,
        "periodSeconds": 30
    },
    "description": "I_PRODUCTHIERARCHYTEXT",
    "processes": {
        "snowflakegen21": {
            "component": "Snowflake Gen2",
            "metadata": {
                "label": "Snowflake Gen2",
                "x": 385.9999990463257,
                "y": 80,
                "height": 80,
                "width": 120,
                "extensible": true,
                "filesRequired": [
                    "script.py"
                ],
                "generation": 2,
                "isNewAPI": true,
                "config": {
                    "Database": "DEV_KHC_INGEST",
                    "Schema": "SAP_MASTER_DATA",
                    "Snowflake Table": "RAW_S4H_APAC_I_PRODUCT",
                    "Snowflake_Table_Name": "RAW_S4H_APAC_ZB_MDM_PRODUCTHIERARCHYTEXT_T",
                    "Truncate": "Yes",
                    "errorHandling": "{\"type\":\"terminate on error\"}",
                    "script": "import pandas as pd\nimport snowflake.connector\nfrom snowflake.connector.pandas_tools import write_pandas\nfrom io import StringIO\nimport csv\nimport json\nfrom datetime import datetime\nsnowflake.connector.paramstyle='qmark'\n\nif  api.config.Truncate =='Yes':\n    conn_sf = snowflake.connector.connect(\n    account = api.config.Account,\n    user = api.config.Username,\n    warehouse = api.config.Warehouse,\n    password = api.config.Password,\n    database = api.config.Database,\n    schema = api.config.Schema)\n    table=[api.config.Snowflake_Table_Name]\n    conn_sf.cursor().execute(\"delete from IDENTIFIER(?)\",table)\nelse:\n    conn_sf = snowflake.connector.connect(\n    account =  api.config.Account,\n    user = api.config.Username,\n    warehouse = api.config.Warehouse,\n    password = api.config.Password,\n    database = api.config.Database,\n    schema = api.config.Schema)\n        \n    \n    \ndef on_input(msg_id, header, data):\n\n    tbl = data.get()\n    x=header['com.sap.headers.batch']\n    y=x[1]\n    if x[1]==False:\n        api.outputs.log.publish(str(\"Graph Started\"))\n        tbl_info = api.type_context.get_vtype(tbl.type_ref)\n        col_names = list(tbl_info.columns.keys())\n        df = pd.DataFrame(tbl.body,columns = col_names,dtype=str)\n        table=api.config.Snowflake_Table_Name\n        api.outputs.log.publish(str(\"Load Started\"))\n        \n        try:\n\n            inserted_rows = write_pandas(conn = conn_sf, df = df,table_name = table,compression=\"snappy\",parallel=90, quote_identifiers = False)\n            api.outputs.log.publish(str(inserted_rows))\n            api.outputs.log.publish(str(\"Load Completed\"))\n        except Exception as e:\n            \n            api.outputs.log.publish(str('Error while loading data'))\n            date = datetime.now().strftime(\"%Y_%m_%d-%I:%M:%S\")\n            df.to_csv(r'/vrep/vflow/Error_RAW_S4H_APAC_I_PRODUCTHIERARCHYTEXT.csv_{}'.format(date), index=False)\n            api.outputs.log.publish(str('Failed data pushed to error file in path /vrep/vflow/'))\n            api.outputs.log.publish(str(e))\n            api.propagate_exception(e)\n\n                \n    else:\n        api.outputs.log2.publish(str('no data'))\n\n\n    \n\n        \n    \napi.set_port_callback(\"input1\", on_input)\n\n\n\n\n\n\n\n\n\n\n\n\n\n\n\n\n\n\n\n\n\n# For more information about the Python3Operator, drag it to the graph canvas,\n# right click on it, and click on \"Open Documentation\".\n\n# To uncomment the snippets below you can highlight the relevant lines and\n# press Ctrl+/ on Windows and Linux or Cmd+/ on Mac.\n\n# # Basic Example 1: Count inputs so far and send on output port (port type\n# com.sap.core.string)\n# # When using the snippet below make sure you create an output port of type\n# #string\n# counter = 0\n#\n# def on_input(msg_id, header, body):\n#     global counter\n#     counter += 1\n#     api.outputs.output.publish(str(counter))\n#\n# api.set_port_callback(\"input\", on_input)\n\n\n# # Basic Example 2: Read incoming table as stream and send it\n# as stream as well to the output port (any table port type),\n# # When using the snippet below make sure you create an input and output\n# # port of table type\n#\n# import threading\n# chunk_size = 10\n# \n# # Since this is run in a different thread, exceptions on it will not\n# # trigger any action. Alternatives are using `api.propagate_exception\n# # or sending through a queue to the operator main thread (the callback one).\n# def process_batch(body):\n#     try:\n#         reader = body.get_reader()\n#         # These two line is needed if the output port is of type-id \"*\" (dynamic)\n#         # It specifies the type of the dynamic table output which is\n#         # in this case the type of the given input table\n#         table = reader.read(chunk_size)\n#         api.outputs.output.set_dynamic_type(table.type_ref)\n#         # This allows creating one output stream per thread,\n#         # each being able to send data in parallel.\n#         msg_id, writer = api.outputs.output.with_writer()\n#         # Send the first chunk before running the while loop\n#         writer.write(table)\n#         while True:\n#             table = reader.read(chunk_size)\n#             # When the stream is closed, len(table) < expected.\n#             # If -1 was passed, read would wait for stream to close\n#             if len(table) <= 0:\n#                 api.logger.info('End of table')\n#                 break\n#             \n#             writer.write(table)\n#         writer.close()\n#     except Exception as ex:\n#         api.propagate_exception(ex)\n# \n# def on_input(msg_id, header, body):\n#     # Since each input thriggers a thread, it is possible to have\n#     # multiple actions happening in parallel.\n#     threading.Thread(target=process_batch, args=[body]).start()\n# \n# api.set_port_callback(\"input\", on_input)\n\n\n# # Basic Example 3: State Management support, more details at the operator\n# # documentation.\n# # This operator will accumulate all the numeric values it gets on the input\n# # and it will recover when the graph crashes with the accumulated value stored as state of this operator\n# # When using the snippet below make sure you create input of the com.sap.core.int64\n# # and output port of the com.sap.core.string type.\n# # You can use Basic Example 4 as a generator operator for the integer inputs of this example\n# # Also make sure to start the graph with State Management enabled (via Run As..)\n#\n# # Statemanagement needs to be only implemented for operators which need to store a state\n# # that influences the processing of the input messages (like in this example adding the accumulated value to the output).\n# # If you can process the input message independently of any state variable\n# # (e.g. the output is always the same for the same input message after a graph recovery)\n# # then you don't need to implement these methods as your operator is considered stateless.\n# import pickle\n# import random\n# import time\n#\n# # Internal operator state\n# acc = 0\n#\n# def on_input(msg_id, header, body):\n#     global acc\n#     v = body.get()\n#     acc += v\n#     if random.randint(1,101) % 100 == 0:\n#         # Enforce a crash with 1% chance to enforce a recovery restart\n#         # But sleep 10 seconds to ensure that you can view the results of the output\n#         time.sleep(10)\n#         raise Exception(\"crashed with 1% chance. Feel free to adjust the chance based on your needs.\")\n#     api.outputs.output.publish(\"%d: %d\" % (v, acc))\n#\n# api.set_port_callback(\"input\", on_input)\n#\n# # It is required to have `is_stateful` set, but since this operator\n# # script does not define a generator no information about output port is passed.\n# # More details in the operator documentation.\n#\n# api.set_initial_snapshot_info(api.InitialProcessInfo(is_stateful=True))\n#\n# def serialize(epoch):\n#     return pickle.dumps(acc)\n#\n# api.set_serialize_callback(serialize)\n#\n# def restore(epoch, state_bytes):\n#     global acc\n#     acc = pickle.loads(state_bytes)\n#\n# api.set_restore_callback(restore)\n#\n# def complete_callback(epoch):\n#     api.logger.info(f\"epoch {epoch} is completed!!!\")\n#\n# api.set_epoch_complete_callback(complete_callback)\n# \n# # Basic Example 4: Prestart\n# # When using the snippet below make sure you create an output port of type\n# # com.sap.core.int64\n# counter = 0\n#\n# def gen():\n#     global counter\n#     for i in range(10000):\n#         api.outputs.output.publish(counter)\n#         counter += 1\n#\n# api.set_prestart(gen)\n\n# # Basic Example 5: Timer\n# # When using the snippet below make sure you create an output port of type\n# # com.sap.core.binary\n# import os\n# from io import BytesIO\n# import datetime\n#\n# # Function called when operator handling mode is set to `retry`\n# # (more details at the operator documentation)\n# def custom_response_callback(msg_id, ex):\n#     if ex:\n#         api.logger.error(\"Error when publishing %s: %s\" % (str(msg_id), str(ex)))\n#\n#\n# def time_callback():\n#     dummy_bytes = os.urandom(20)\n#     dummy_binary = BytesIO(dummy_bytes)\n#     dummy_headers = {\n#         # header (structure) type-id: api.Record([list of structure fields])\n#         \"com.sap.headers.file\": api.Record([\n#             \"dummyConnection\", # connection\n#             \"dummy/Path\", # path\n#             len(dummy_bytes), # size\n#             False, #isDir\n#             datetime.datetime.now().isoformat() # modTime\n#         ])\n#     }\n#     # Send all binary data at once to the output, if only the first\n#     # 10 bytes were to be sent, `n` = 10\n#     msg_id = api.outputs.output.publish(dummy_binary, -1,\n#                                         header=dummy_headers,\n#                                         response_callback=custom_response_callback)\n#     # Controls the time until the next call to time_callback\n#     return 1\n#\n# api.add_timer(time_callback)\n\n# # Basic Example 6: Shutdown\n# # The shutdown function will be called when the operator receives a stop signal\n# # In this example it prints a simple information in the trace logs with the current message counter\n# # When using the snippet below make sure you create an input port of an arbitrary type and stop the graph\n# # You can check the graph diagnostics / traces of the graph for the shutdown message when the graph stopped.\n# counter = 0\n#\n# def on_input(msg_id, header, body):\n#     global counter\n#     counter += 1\n#\n# api.set_port_callback(\"input\", on_input)\n#\n# def shutdown():\n#     api.logger.info(\"shutdown: %d\" % counter)\n#\n# api.set_shutdown(shutdown)\n"
                },
                "additionalinports": [
                    {
                        "name": "input1",
                        "type": "table",
                        "vtype-ID": "$GRAPH.generated.datatransform1_output"
                    }
                ],
                "additionaloutports": [
                    {
                        "name": "log",
                        "type": "scalar",
                        "vtype-ID": "com.sap.core.string"
                    },
                    {
                        "name": "log2",
                        "type": "scalar",
                        "vtype-ID": "com.sap.core.string"
                    }
                ]
            }
        },
        "datatransform1": {
            "component": "com.sap.datatransform.v2",
            "metadata": {
                "label": "Data Transform",
                "x": 181,
                "y": 72,
                "height": 80,
                "width": 120,
                "extensible": false,
                "generation": 2,
                "isNewAPI": true,
                "config": {
                    "definition": {
                        "nodeType": "ContainerNode",
                        "inputs": [
                            {
                                "id": "8a428d97-fc93-41e7-af1a-c939a9a5082a",
                                "nodeType": "InPort",
                                "name": "input2",
                                "attributes": [
                                    {
                                        "id": "2bde7f08-2245-4bee-9691-ffa9b054f1f6",
                                        "name": "ProductHierarchy",
                                        "datatype": "string",
                                        "nullable": false,
                                        "length": 18
                                    },
                                    {
                                        "id": "20ef2e20-4ffc-4e53-aff4-7bb3eb5288b0",
                                        "name": "Language",
                                        "datatype": "string",
                                        "nullable": false,
                                        "length": 2
                                    },
                                    {
                                        "id": "9a99b726-d5b6-4013-8f58-0b1190faa844",
                                        "name": "ProductHierarchyText",
                                        "datatype": "string",
                                        "nullable": false,
                                        "length": 40
                                    },
                                    {
                                        "id": "5db567d4-50fd-4861-b7ca-49957e5b585a",
                                        "name": "/1DH/OPERATION",
                                        "datatype": "string",
                                        "nullable": false,
                                        "length": 1
                                    }
                                ],
                                "UILayout": {
                                    "x": 12,
                                    "y": 132,
                                    "height": 80,
                                    "width": 80
                                }
                            }
                        ],
                        "outputs": [
                            {
                                "id": "4d342fe4-332a-4379-940a-8eaefe9f66f1",
                                "nodeType": "OutPort",
                                "name": "output",
                                "attributes": [
                                    {
                                        "id": "949746e6-517b-4bbe-a092-83d0df4904f0",
                                        "name": "OPERATION",
                                        "datatype": "string",
                                        "nullable": false,
                                        "length": 1
                                    },
                                    {
                                        "id": "b155e4bf-c9b0-479c-990a-9e6617cac75e",
                                        "name": "LAST_UPDATE_DATE",
                                        "datatype": "timestamp",
                                        "nullable": true
                                    },
                                    {
                                        "id": "6b848ba1-d33e-44e2-890a-6d1ed4c69ad8",
                                        "name": "ProductHierarchy",
                                        "datatype": "string",
                                        "nullable": false,
                                        "length": 18
                                    },
                                    {
                                        "id": "e4be8da6-34df-4b5d-97df-ef4817d51ecf",
                                        "name": "Language",
                                        "datatype": "string",
                                        "nullable": false,
                                        "length": 2
                                    },
                                    {
                                        "id": "8c04dd0f-c31c-4a43-9796-1618cb4c0a2b",
                                        "name": "ProductHierarchyText",
                                        "datatype": "string",
                                        "nullable": false,
                                        "length": 40
                                    }
                                ],
                                "mode": "OVERWRITE",
                                "UILayout": {
                                    "x": 344,
                                    "y": 72,
                                    "height": 80,
                                    "width": 80
                                }
                            }
                        ],
                        "nodes": [
                            {
                                "id": "7c0d6e7a-a571-4693-9ad1-1c5ef88d84c3",
                                "type": "FilterNode",
                                "nodeType": "FilterNode",
                                "name": "Projection",
                                "inputs": [
                                    {
                                        "id": "b6f120e6-80c6-4c71-b10b-439635671a77",
                                        "name": "Projection_Input1",
                                        "attributes": [
                                            {
                                                "id": "aa4f0478-aac8-4ff9-b224-ade2de481e10",
                                                "name": "ProductHierarchy",
                                                "datatype": "string",
                                                "nullable": false,
                                                "length": 18
                                            },
                                            {
                                                "id": "3a307ea2-e060-494b-9f41-1503f99fbd2d",
                                                "name": "Language",
                                                "datatype": "string",
                                                "nullable": false,
                                                "length": 2
                                            },
                                            {
                                                "id": "a19c4ee3-119e-4b63-86f2-25e7cc0da34e",
                                                "name": "ProductHierarchyText",
                                                "datatype": "string",
                                                "nullable": false,
                                                "length": 40
                                            },
                                            {
                                                "id": "9402c64f-91bb-48cc-8c6c-6ca64eb4d254",
                                                "name": "/1DH/OPERATION",
                                                "datatype": "string",
                                                "nullable": false,
                                                "length": 1
                                            }
                                        ]
                                    }
                                ],
                                "outputs": [
                                    {
                                        "id": "3edd2517-56a0-4692-8296-74d77020ebe9",
                                        "name": "Projection_Output1",
                                        "attributes": [
                                            {
                                                "id": "5fd889df-afe5-4f5f-b802-dcb341fff6a7",
                                                "name": "ProductHierarchy",
                                                "datatype": "string",
                                                "nullable": false,
                                                "length": 18,
                                                "expression": "\"ProductHierarchy\""
                                            },
                                            {
                                                "id": "6afa7a4f-89e2-43b5-88b5-bc055473ed70",
                                                "name": "Language",
                                                "datatype": "string",
                                                "nullable": false,
                                                "length": 2,
                                                "expression": "\"Language\""
                                            },
                                            {
                                                "id": "b694278a-11fa-4628-bc1f-6960a2c23f2c",
                                                "name": "ProductHierarchyText",
                                                "datatype": "string",
                                                "nullable": false,
                                                "length": 40,
                                                "expression": "\"ProductHierarchyText\""
                                            },
                                            {
                                                "id": "6d3bad9e-5ba4-4cd1-a46f-f0199e26bdc7",
                                                "name": "OPERATION",
                                                "datatype": "string",
                                                "nullable": false,
                                                "length": 1,
                                                "expression": "\"/1DH/OPERATION\""
                                            },
                                            {
                                                "id": "408be5ff-6d6e-4459-8117-4957b58a55e5",
                                                "name": "LAST_UPDATE_DATE",
                                                "datatype": "timestamp",
                                                "nullable": true,
                                                "expression": "CURRENT_UTCTIMESTAMP()"
                                            }
                                        ]
                                    }
                                ],
                                "UILayout": {
                                    "x": 157.99999904632568,
                                    "y": 72,
                                    "height": 80,
                                    "width": 120
                                }
                            }
                        ],
                        "tableMappings": [
                            {
                                "source": "8a428d97-fc93-41e7-af1a-c939a9a5082a",
                                "target": "b6f120e6-80c6-4c71-b10b-439635671a77",
                                "attributeMappings": [
                                    {
                                        "source": "2bde7f08-2245-4bee-9691-ffa9b054f1f6",
                                        "target": "aa4f0478-aac8-4ff9-b224-ade2de481e10"
                                    },
                                    {
                                        "source": "20ef2e20-4ffc-4e53-aff4-7bb3eb5288b0",
                                        "target": "3a307ea2-e060-494b-9f41-1503f99fbd2d"
                                    },
                                    {
                                        "source": "9a99b726-d5b6-4013-8f58-0b1190faa844",
                                        "target": "a19c4ee3-119e-4b63-86f2-25e7cc0da34e"
                                    },
                                    {
                                        "source": "5db567d4-50fd-4861-b7ca-49957e5b585a",
                                        "target": "9402c64f-91bb-48cc-8c6c-6ca64eb4d254"
                                    }
                                ],
                                "UILayout": {
                                    "points": "92,172 125,172 125,112 157.99999904632568,112"
                                }
                            },
                            {
                                "source": "3edd2517-56a0-4692-8296-74d77020ebe9",
                                "target": "4d342fe4-332a-4379-940a-8eaefe9f66f1",
                                "attributeMappings": [
                                    {
                                        "source": "6d3bad9e-5ba4-4cd1-a46f-f0199e26bdc7",
                                        "target": "949746e6-517b-4bbe-a092-83d0df4904f0"
                                    },
                                    {
                                        "source": "408be5ff-6d6e-4459-8117-4957b58a55e5",
                                        "target": "b155e4bf-c9b0-479c-990a-9e6617cac75e"
                                    },
                                    {
                                        "source": "5fd889df-afe5-4f5f-b802-dcb341fff6a7",
                                        "target": "6b848ba1-d33e-44e2-890a-6d1ed4c69ad8"
                                    },
                                    {
                                        "source": "6afa7a4f-89e2-43b5-88b5-bc055473ed70",
                                        "target": "e4be8da6-34df-4b5d-97df-ef4817d51ecf"
                                    },
                                    {
                                        "source": "b694278a-11fa-4628-bc1f-6960a2c23f2c",
                                        "target": "8c04dd0f-c31c-4a43-9796-1618cb4c0a2b"
                                    }
                                ],
                                "UILayout": {
                                    "points": "277.9999990463257,112 344,112"
                                }
                            }
                        ],
                        "invalidMappings": []
                    }
                },
                "additionalinports": [
                    {
                        "name": "input2",
                        "type": "table",
                        "vtype-ID": "$GRAPH.generated.readdatafromsapsystem1_outData"
                    }
                ],
                "additionaloutports": [
                    {
                        "name": "output",
                        "type": "table",
                        "vtype-ID": "$GRAPH.generated.datatransform1_output"
                    }
                ]
            }
        },
        "readdatafromsapsystem1": {
            "component": "com.sap.abap.reader",
            "metadata": {
                "label": "Read Data From SAP System",
                "x": 12,
                "y": 72,
                "height": 80,
                "width": 120,
                "extensible": true,
                "generation": 2,
                "isNewAPI": true,
                "config": {
                    "connectionID": "S4H_RFC",
                    "objectName": {
                        "remoteObjectReference": {
                            "connection": {
                                "id": "S4H_RFC",
                                "type": "ABAP"
                            },
                            "name": "ZB_MDM_PRODUCTHIERARCHYTEXT_T",
                            "remoteObjectType": "VIEW.CDS",
                            "qualifiedName": "/CDS/TMP/ZB_MDM_PRODUCTHIERARCHYTEXT_T",
                            "nativeQualifiedName": "CDS.ZB_MDM_PRODUCTHIERARCHYTEXT_T",
                            "description": "PRODUCT HIERARCHY TEXT",
                            "version": {
                                "metadataLastModified": 1659418646000,
                                "metadataVersionNumber": 20220802053726
                            }
                        },
                        "schema": {
                            "genericType": "TABLE",
                            "tableBasedRepresentation": {
                                "attributes": [
                                    {
                                        "name": "ProductHierarchy",
                                        "templateType": "string",
                                        "datatype": "STRING",
                                        "length": 18,
                                        "nativeDatatype": "CHAR",
                                        "descriptions": [
                                            {
                                                "value": "Product hierarchy",
                                                "locale": "en",
                                                "type": "SHORT"
                                            }
                                        ],
                                        "properties": [
                                            {
                                                "namespace": "com.sap.abap",
                                                "name": "dataElement",
                                                "value": "PRODH_D"
                                            },
                                            {
                                                "namespace": "com.sap.abap",
                                                "name": "domain",
                                                "value": "PRODH"
                                            },
                                            {
                                                "namespace": "com.sap.abap",
                                                "name": "abapLength",
                                                "value": "000018"
                                            },
                                            {
                                                "namespace": "com.sap.abap",
                                                "name": "abapDecimals",
                                                "value": "000000"
                                            },
                                            {
                                                "namespace": "com.sap.abap",
                                                "name": "outputLength",
                                                "value": "000018"
                                            },
                                            {
                                                "namespace": "com.sap.abap",
                                                "name": "referenceTable"
                                            },
                                            {
                                                "namespace": "com.sap.abap",
                                                "name": "referenceField"
                                            },
                                            {
                                                "namespace": "com.sap.abap",
                                                "name": "valueTable"
                                            },
                                            {
                                                "namespace": "com.sap.abap",
                                                "name": "semanticType",
                                                "value": "STRING"
                                            },
                                            {
                                                "namespace": "com.sap.abap",
                                                "name": "abapType",
                                                "value": "CHAR"
                                            }
                                        ]
                                    },
                                    {
                                        "name": "Language",
                                        "templateType": "string",
                                        "datatype": "STRING",
                                        "length": 2,
                                        "nativeDatatype": "LANG",
                                        "descriptions": [
                                            {
                                                "value": "Language Key",
                                                "locale": "en",
                                                "type": "SHORT"
                                            }
                                        ],
                                        "properties": [
                                            {
                                                "namespace": "com.sap.abap",
                                                "name": "dataElement",
                                                "value": "SPRAS"
                                            },
                                            {
                                                "namespace": "com.sap.abap",
                                                "name": "domain",
                                                "value": "SPRAS"
                                            },
                                            {
                                                "namespace": "com.sap.abap",
                                                "name": "abapLength",
                                                "value": "000001"
                                            },
                                            {
                                                "namespace": "com.sap.abap",
                                                "name": "abapDecimals",
                                                "value": "000000"
                                            },
                                            {
                                                "namespace": "com.sap.abap",
                                                "name": "outputLength",
                                                "value": "000002"
                                            },
                                            {
                                                "namespace": "com.sap.abap",
                                                "name": "referenceTable"
                                            },
                                            {
                                                "namespace": "com.sap.abap",
                                                "name": "referenceField"
                                            },
                                            {
                                                "namespace": "com.sap.abap",
                                                "name": "valueTable"
                                            },
                                            {
                                                "namespace": "com.sap.abap",
                                                "name": "semanticType",
                                                "value": "STRING"
                                            },
                                            {
                                                "namespace": "com.sap.abap",
                                                "name": "abapType",
                                                "value": "LANG"
                                            }
                                        ]
                                    },
                                    {
                                        "name": "ProductHierarchyText",
                                        "templateType": "string",
                                        "datatype": "STRING",
                                        "length": 40,
                                        "nativeDatatype": "CHAR",
                                        "descriptions": [
                                            {
                                                "value": "Product Hierarchy Text",
                                                "locale": "en",
                                                "type": "SHORT"
                                            }
                                        ],
                                        "properties": [
                                            {
                                                "namespace": "com.sap.abap",
                                                "name": "dataElement",
                                                "value": "PRODUCTHIERARCHYTEXT"
                                            },
                                            {
                                                "namespace": "com.sap.abap",
                                                "name": "domain",
                                                "value": "TEXT40"
                                            },
                                            {
                                                "namespace": "com.sap.abap",
                                                "name": "abapLength",
                                                "value": "000040"
                                            },
                                            {
                                                "namespace": "com.sap.abap",
                                                "name": "abapDecimals",
                                                "value": "000000"
                                            },
                                            {
                                                "namespace": "com.sap.abap",
                                                "name": "outputLength",
                                                "value": "000040"
                                            },
                                            {
                                                "namespace": "com.sap.abap",
                                                "name": "referenceTable"
                                            },
                                            {
                                                "namespace": "com.sap.abap",
                                                "name": "referenceField"
                                            },
                                            {
                                                "namespace": "com.sap.abap",
                                                "name": "valueTable"
                                            },
                                            {
                                                "namespace": "com.sap.abap",
                                                "name": "semanticType",
                                                "value": "STRING"
                                            },
                                            {
                                                "namespace": "com.sap.abap",
                                                "name": "abapType",
                                                "value": "CHAR"
                                            }
                                        ]
                                    },
                                    {
                                        "name": "/1DH/OPERATION",
                                        "templateType": "string",
                                        "datatype": "STRING",
                                        "length": 1,
                                        "nativeDatatype": "CHAR",
                                        "descriptions": [
                                            {
                                                "value": "Change mode",
                                                "locale": "en",
                                                "type": "SHORT"
                                            }
                                        ],
                                        "properties": [
                                            {
                                                "namespace": "com.sap.abap",
                                                "name": "dataElement",
                                                "value": "CHAR1"
                                            },
                                            {
                                                "namespace": "com.sap.abap",
                                                "name": "domain",
                                                "value": "CHAR1"
                                            },
                                            {
                                                "namespace": "com.sap.abap",
                                                "name": "abapLength",
                                                "value": "000001"
                                            },
                                            {
                                                "namespace": "com.sap.abap",
                                                "name": "abapDecimals",
                                                "value": "0 "
                                            },
                                            {
                                                "namespace": "com.sap.abap",
                                                "name": "outputLength",
                                                "value": "000001"
                                            },
                                            {
                                                "namespace": "com.sap.abap",
                                                "name": "referenceTable"
                                            },
                                            {
                                                "namespace": "com.sap.abap",
                                                "name": "referenceField"
                                            },
                                            {
                                                "namespace": "com.sap.abap",
                                                "name": "valueTable"
                                            },
                                            {
                                                "namespace": "com.sap.abap",
                                                "name": "semanticType",
                                                "value": "_change_mode"
                                            },
                                            {
                                                "namespace": "com.sap.abap",
                                                "name": "abapType",
                                                "value": "CHAR"
                                            },
                                            {
                                                "namespace": "com.sap.abap",
                                                "name": "filterNotAllowed",
                                                "value": "true"
                                            },
                                            {
                                                "namespace": "com.sap.abap",
                                                "name": "vflow_scalar_type",
                                                "value": "com.sap.headers.cdc.mode"
                                            }
                                        ]
                                    }
                                ],
                                "uniqueKeys": [
                                    {
                                        "attributeReferences": [
                                            "ProductHierarchy",
                                            "Language"
                                        ]
                                    }
                                ]
                            }
                        },
                        "descriptions": [
                            {
                                "value": "PRODUCT HIERARCHY TEXT",
                                "locale": "en",
                                "type": "SHORT"
                            }
                        ],
                        "properties": [
                            {
                                "namespace": "com.sap.abap",
                                "name": "applicationComponent",
                                "value": "TMP",
                                "valueDescription": "Local Objects"
                            },
                            {
                                "namespace": "com.sap.abap",
                                "name": "softwareComponent",
                                "value": "LOCAL"
                            },
                            {
                                "namespace": "com.sap.abap",
                                "name": "lastchange",
                                "value": "20220802053726"
                            },
                            {
                                "namespace": "com.sap.abap",
                                "name": "package",
                                "value": "$TMP",
                                "valueDescription": "Temporary Objects (never transported!)"
                            },
                            {
                                "namespace": "com.sap.abap",
                                "name": "tenantSpecific",
                                "value": "X"
                            },
                            {
                                "namespace": "com.sap.abap",
                                "name": "profileable",
                                "value": "X"
                            },
                            {
                                "namespace": "com.sap.abap",
                                "name": "isDeltaEnabled"
                            },
                            {
                                "namespace": "com.sap.abap",
                                "name": "isExtractionEnabled",
                                "value": "X"
                            }
                        ],
                        "capabilityProperties": [
                            {
                                "name": "readOnly",
                                "value": "true"
                            }
                        ]
                    },
                    "operatorID": "com.sap.abap.reader",
                    "transferMode": "Initial Load"
                },
                "additionaloutports": [
                    {
                        "name": "outData",
                        "type": "table",
                        "vtype-ID": "$GRAPH.generated.readdatafromsapsystem1_outData"
                    }
                ]
            }
        },
        "terminal1": {
            "component": "com.sap.util.terminal.v2",
            "metadata": {
                "label": "Terminal",
                "x": 646.999997138977,
                "y": 12,
                "height": 80,
                "width": 120,
                "generation": 2,
                "isNewAPI": true,
                "ui": "dynpath",
                "config": {}
            }
        },
        "graphterminator1": {
            "component": "com.sap.util.graphTerminator.v2",
            "metadata": {
                "label": "Graph Terminator",
                "x": 667,
                "y": 176,
                "height": 80,
                "width": 120,
                "generation": 2,
                "isNewAPI": true,
                "config": {}
            }
        }
    },
    "groups": [
        {
            "name": "group2",
            "nodes": [
                "snowflakegen21"
            ],
            "metadata": {
                "description": "Group"
            },
            "tags": {
                "Snwflk Gen2": ""
            },
            "multiplicity": 1
        }
    ],
    "connections": [
        {
            "metadata": {
                "points": "509.9999990463257,111 537.9999985694885,111 537.9999985694885,114.5 613.9999976158142,114.5 613.9999976158142,52 641.999997138977,52"
            },
            "src": {
                "port": "log",
                "process": "snowflakegen21"
            },
            "tgt": {
                "port": "in",
                "process": "terminal1"
            }
        },
        {
            "metadata": {
                "points": "136,112 176,112"
            },
            "src": {
                "port": "outData",
                "process": "readdatafromsapsystem1"
            },
            "tgt": {
                "port": "input2",
                "process": "datatransform1"
            }
        },
        {
            "metadata": {
                "points": "305,112 332.99999952316284,112 332.99999952316284,120 380.9999990463257,120"
            },
            "src": {
                "port": "output",
                "process": "datatransform1"
            },
            "tgt": {
                "port": "input1",
                "process": "snowflakegen21"
            }
        },
        {
            "metadata": {
                "points": "509.9999990463257,129 586,129 586,216 662,216"
            },
            "src": {
                "port": "log2",
                "process": "snowflakegen21"
            },
            "tgt": {
                "port": "in",
                "process": "graphterminator1"
            }
        }
    ],
    "inports": {},
    "outports": {},
    "metadata": {
        "generation": 2
    }
}